rule,setting,match,n
R1,conservative,hook-and-eye,843
R1,conservative,button and hook,519
R1,conservative,hook and eye,446
R1,conservative,metal buttons,418
R1,conservative,metal buckle,94
R1,conservative,metal button,85
R1,conservative,underwire,45
R1,conservative,metal fastener,39
R1,conservative,metal zip,19
R1,conservative,eyelets,18
R1,conservative,metal ring,17
R1,conservative,metal fasteners,13
R1,conservative,eyelet,9
R1,conservative,rivet,8
R1,conservative,rivets,7
R1,conservative,metal buckles,6
R1,conservative,metal hook,6
R1,conservative,button-and-hook,5
R1,conservative,metal zipper,5
R1,conservative,metal clasp,2
R1,conservative,metal press stud,2
R1,conservative,metal press studs,2
R1,conservative,metal snaps,2
R1,conservative,metal hardware,1
R1,conservative,metal press-studs,1
R1,conservative,metal rings,1
R1,default,press-studs,1063
R1,default,hook-and-eye,841
R1,default,hook,732
R1,default,press-stud,548
R1,default,button and hook,518
R1,default,press studs,469
R1,default,hook and eye,445
R1,default,metal buttons,418
R1,default,press stud,353
R1,default,metal buckle,94
R1,default,metal button,85
R1,default,studded,53
R1,default,hooks,45
R1,default,metal fastener,39
R1,default,charm,37
R1,default,underwire,25
R1,default,metal zip,19
R1,default,eyelets,18
R1,default,metal ring,17
R1,default,metal fasteners,13
R1,default,eyelet,9
R1,default,rivet,8
R1,default,rivets,7
R1,default,metal buckles,6
R1,default,metal hook,6
R1,default,button-and-hook,5
R1,default,charms,5
R1,default,metal zipper,5
R1,default,clasp,4
R1,default,studs,4
R1,default,metal clasp,2
R1,default,metal press stud,2
R1,default,metal press studs,2
R1,default,metal snaps,2
R1,default,metal hardware,1
R1,default,metal press-studs,1
R1,default,metal rings,1
R1,expanded,press-studs,1063
R1,expanded,hook-and-eye,841
R1,expanded,hook,732
R1,expanded,press-stud,548
R1,expanded,button and hook,518
R1,expanded,press studs,469
R1,expanded,hook and eye,445
R1,expanded,metal buttons,418
R1,expanded,press stud,353
R1,expanded,metal buckle,94
R1,expanded,metal button,85
R1,expanded,studded,53
R1,expanded,hooks,45
R1,expanded,metal fastener,39
R1,expanded,charm,37
R1,expanded,underwire,25
R1,expanded,ring,20
R1,expanded,metal zip,19
R1,expanded,eyelets,18
R1,expanded,metal ring,17
R1,expanded,rings,16
R1,expanded,metal fasteners,13
R1,expanded,eyelet,9
R1,expanded,rivet,8
R1,expanded,rivets,7
R1,expanded,metal buckles,6
R1,expanded,metal hook,6
R1,expanded,button-and-hook,5
R1,expanded,charms,5
R1,expanded,metal zipper,5
R1,expanded,clasp,4
R1,expanded,studs,4
R1,expanded,metal clasp,2
R1,expanded,metal press stud,2
R1,expanded,metal press studs,2
R1,expanded,metal snaps,2
R1,expanded,metal hardware,1
R1,expanded,metal press-studs,1
R1,expanded,metal rings,1
R2,conservative,plastic snap,68
R2,conservative,plastic fastener,43
R2,conservative,plastic buckles,17
R2,conservative,plastic buckle,8
R2,conservative,plastic fasteners,2
R2,default,plastic snap,68
R2,default,plastic fastener,43
R2,default,plastic buckles,17
R2,default,plastic buckle,8
R2,default,plastic fasteners,2
R2,expanded,plastic snap,68
R2,expanded,plastic fastener,43
R2,expanded,plastic buckles,17
R2,expanded,plastic buckle,8
R2,expanded,plastic fasteners,2
R3,conservative,zip,8589
R3,conservative,buckle,139
R3,conservative,zipped,97
R3,conservative,snap buttons,69
R3,conservative,boning,55
R3,conservative,buckles,27
R3,conservative,zipper,26
R3,conservative,stoppers,22
R3,conservative,snap,19
R3,conservative,snap button,18
R3,conservative,snap-button,10
R3,conservative,stopper,6
R3,conservative,toggle,5
R3,conservative,snaps,2
R3,conservative,zippers,1
R3,default,zip,8589
R3,default,fastener,803
R3,default,fasteners,391
R3,default,buckle,139
R3,default,zipped,97
R3,default,snap buttons,69
R3,default,boning,55
R3,default,buckles,27
R3,default,zipper,26
R3,default,stoppers,22
R3,default,snap,19
R3,default,snap button,18
R3,default,snap-button,10
R3,default,stopper,6
R3,default,toggle,5
R3,default,snaps,2
R3,default,zippers,1
R3,expanded,zip,8576
R3,expanded,buttons,4653
R3,expanded,button,3187
R3,expanded,fastener,803
R3,expanded,fasteners,390
R3,expanded,buckle,137
R3,expanded,zipped,97
R3,expanded,snap buttons,69
R3,expanded,boning,54
R3,expanded,buckles,27
R3,expanded,zipper,26
R3,expanded,stoppers,22
R3,expanded,snap,19
R3,expanded,snap button,18
R3,expanded,snap-button,10
R3,expanded,stopper,6
R3,expanded,toggle,5
R3,expanded,snaps,2
R3,expanded,hardware,1
R3,expanded,zippers,1
R4,conservative,drawstring,4623
R4,conservative,patch,1391
R4,conservative,embroidered,572
R4,conservative,lace,498
R4,conservative,embroidery,245
R4,conservative,lace trim,170
R4,conservative,appliqué,117
R4,conservative,drawstrings,97
R4,conservative,binder_part,90
R4,conservative,cuff,90
R4,conservative,elastic_part,87
R4,conservative,tape,73
R4,conservative,patches,49
R4,conservative,binding,29
R4,conservative,elastic,19
R4,conservative,drawcord,9
R4,conservative,piping,9
R4,conservative,strap,9
R4,conservative,drawcords,3
R4,default,drawstring,4623
R4,default,patch,1391
R4,default,elastic,712
R4,default,embroidered,567
R4,default,lace,498
R4,default,binding,253
R4,default,embroidery,245
R4,default,tape,203
R4,default,piping,188
R4,default,lace trim,169
R4,default,appliqué,117
R4,default,drawstrings,97
R4,default,binder_part,90
R4,default,cuff,90
R4,default,elastic_part,87
R4,default,patches,49
R4,default,ribbon,28
R4,default,ribbons,13
R4,default,drawcord,9
R4,default,strap,9
R4,default,drawcords,3
R4,default,tapes,1
R4,expanded,drawstring,4623
R4,expanded,elasticated,2568
R4,expanded,straps,2209
R4,expanded,patch,1391
R4,expanded,elastic,708
R4,expanded,embroidered,563
R4,expanded,lace,498
R4,expanded,binding,253
R4,expanded,embroidery,245
R4,expanded,tape,203
R4,expanded,strap,195
R4,expanded,piping,188
R4,expanded,lace trim,154
R4,expanded,appliqué,114
R4,expanded,drawstrings,97
R4,expanded,binder_part,90
R4,expanded,cuff,90
R4,expanded,elastic_part,87
R4,expanded,patches,49
R4,expanded,ribbon,27
R4,expanded,fabric trim,16
R4,expanded,ribbons,13
R4,expanded,drawcord,9
R4,expanded,drawcords,3
R4,expanded,contrast trim,2
R4,expanded,tapes,1
R5,conservative,sequined,180
R5,conservative,rhinestone,152
R5,conservative,sequin,106
R5,conservative,pendants,33
R5,conservative,sequins,33
R5,conservative,rhinestones,20
R5,conservative,pendant,7
R5,conservative,fur trim,6
R5,conservative,lurex,5
R5,conservative,faux_fur,3
R5,conservative,faux fur,2
R5,conservative,faux-fur,1
R5,default,sequined,178
R5,default,bead,143
R5,default,rhinestone,133
R5,default,embellished,118
R5,default,sequin,106
R5,default,fringe,53
R5,default,beads,52
R5,default,pearl,45
R5,default,beaded,39
R5,default,pendants,30
R5,default,sequins,9
R5,default,glitter,8
R5,default,rhinestones,8
R5,default,pendant,7
R5,default,fur trim,6
R5,default,lurex,4
R5,default,faux_fur,3
R5,default,faux fur,2
R5,default,faux-fur,1
R5,expanded,sequined,178
R5,expanded,bead,143
R5,expanded,rhinestone,133
R5,expanded,embellished,118
R5,expanded,sequin,106
R5,expanded,fringe,53
R5,expanded,beads,52
R5,expanded,pearl,45
R5,expanded,beaded,39
R5,expanded,pendants,30
R5,expanded,sequins,9
R5,expanded,glitter,8
R5,expanded,rhinestones,8
R5,expanded,pendant,7
R5,expanded,fur trim,6
R5,expanded,lurex,4
R5,expanded,faux_fur,3
R5,expanded,faux fur,2
R5,expanded,faux-fur,1
R6,conservative,coated,468
R6,conservative,coating,257
R6,conservative,bonded,136
R6,conservative,reflective print,47
R6,conservative,foil print,17
R6,conservative,laminated,9
R6,conservative,flock print,7
R6,conservative,seam tape,2
R6,conservative,flock-print,1
R6,default,coated,468
R6,default,coating,257
R6,default,water-repellent,248
R6,default,bonded,136
R6,default,water repellent,108
R6,default,waterproof,81
R6,default,taped seams,60
R6,default,reflective print,47
R6,default,foil print,17
R6,default,water resistant,14
R6,default,water-resistant,11
R6,default,laminated,9
R6,default,flock print,7
R6,default,graphic print,2
R6,default,seam tape,2
R6,default,flock-print,1
R6,expanded,coated,468
R6,expanded,all-over print,283
R6,expanded,coating,257
R6,expanded,water-repellent,247
R6,expanded,all over print,168
R6,expanded,bonded,136
R6,expanded,water repellent,108
R6,expanded,waterproof,81
R6,expanded,reflective details,79
R6,expanded,taped seams,60
R6,expanded,reflective print,47
R6,expanded,foil print,17
R6,expanded,water resistant,14
R6,expanded,water-resistant,10
R6,expanded,laminated,9
R6,expanded,flock print,7
R6,expanded,reflective detail,6
R6,expanded,all-over-print,4
R6,expanded,graphic print,2
R6,expanded,seam tape,2
R6,expanded,flock-print,1
R7_presence,conservative,lining,8246
R7_presence,conservative,hood_lining,233
R7_presence,conservative,cup_lining,161
R7_presence,conservative,inner_layer,148
R7_presence,conservative,body_lining,114
R7_presence,conservative,petticoat,37
R7_presence,conservative,sleeve_lining,14
R7_presence,conservative,inner_pants,12
R7_presence,conservative,interlining,6
R7_presence,conservative,front_body_lining,4
R7_presence,conservative,skirt_lining,1
R7_presence,default,lining,8246
R7_presence,default,lined,1767
R7_presence,default,hood_lining,233
R7_presence,default,cup_lining,161
R7_presence,default,inner_layer,148
R7_presence,default,inner layer,124
R7_presence,default,body_lining,114
R7_presence,default,double layer,37
R7_presence,default,petticoat,37
R7_presence,default,double-layer,16
R7_presence,default,sleeve_lining,14
R7_presence,default,inner_pants,12
R7_presence,default,interlining,6
R7_presence,default,front_body_lining,4
R7_presence,default,skirt_lining,1
R7_presence,expanded,lining,8246
R7_presence,expanded,lined,1755
R7_presence,expanded,layered,678
R7_presence,expanded,hood_lining,233
R7_presence,expanded,cup_lining,161
R7_presence,expanded,inner_layer,148
R7_presence,expanded,inner layer,124
R7_presence,expanded,body_lining,114
R7_presence,expanded,petticoat,37
R7_presence,expanded,double layer,35
R7_presence,expanded,two-layer,21
R7_presence,expanded,double-layer,16
R7_presence,expanded,sleeve_lining,14
R7_presence,expanded,inner_pants,12
R7_presence,expanded,interlining,6
R7_presence,expanded,front_body_lining,4
R7_presence,expanded,skirt_lining,1
R7b_hidden_layer_mismatch,conservative,shell[nylon]__lining[polyester],747
R7b_hidden_layer_mismatch,conservative,shell[cotton]__lining[polyester],495
R7b_hidden_layer_mismatch,conservative,shell[nylon]__lining[cotton],493
R7b_hidden_layer_mismatch,conservative,shell[viscose]__lining[polyester],336
R7b_hidden_layer_mismatch,conservative,shell[polyester]__lining[nylon],142
R7b_hidden_layer_mismatch,conservative,shell[nylon]__padding[polyester],140
R7b_hidden_layer_mismatch,conservative,coating[polyurethane]__lining[polyester],123
R7b_hidden_layer_mismatch,conservative,shell[polyester]__lining[cotton],122
R7b_hidden_layer_mismatch,conservative,shell[viscose]__lining[cotton],112
R7b_hidden_layer_mismatch,conservative,shell[nylon]__cup_lining[polyester],100
R7b_hidden_layer_mismatch,conservative,shell[cotton]__cup_lining[polyester],70
R7b_hidden_layer_mismatch,conservative,shell[cotton]__padding[polyester],62
R7b_hidden_layer_mismatch,conservative,shell[lyocell]__lining[polyester],60
R7b_hidden_layer_mismatch,conservative,face[nylon]__filling[polyester],56
R7b_hidden_layer_mismatch,conservative,shell[wool]__lining[polyester],55
R7b_hidden_layer_mismatch,conservative,shell[wool]__lining[viscose],47
R7b_hidden_layer_mismatch,conservative,shell[linen]__lining[cotton],45
R7b_hidden_layer_mismatch,conservative,shell[linen]__lining[polyester],43
R7b_hidden_layer_mismatch,conservative,body[nylon]__cup_lining[polyester],33
R7b_hidden_layer_mismatch,conservative,shell[cotton]__sleeve_lining[polyester],32
R7b_hidden_layer_mismatch,conservative,shell[polyester]__lining[viscose],31
R7b_hidden_layer_mismatch,conservative,shell[lyocell]__lining[cotton],29
R7b_hidden_layer_mismatch,conservative,main[nylon]__lining[polyester],25
R7b_hidden_layer_mismatch,conservative,shell[cotton]__lining[viscose],21
R7b_hidden_layer_mismatch,conservative,shell[nylon]__padding[reprocessed down],18
R7b_hidden_layer_mismatch,conservative,shell[polyester]__hood_lining[cotton],18
R7b_hidden_layer_mismatch,conservative,coating[polyurethane]__padding[polyester],16
R7b_hidden_layer_mismatch,conservative,main[viscose]__lining[polyester],16
R7b_hidden_layer_mismatch,conservative,shell[polyester]__body_filling[down],16
R7b_hidden_layer_mismatch,conservative,main[cotton]__lining[polyester],15
R7b_hidden_layer_mismatch,conservative,shell[polyester]__lining[elastane],15
R7b_hidden_layer_mismatch,conservative,main[polyester]__lining[cotton],14
R7b_hidden_layer_mismatch,conservative,shell[cotton]__filling[polyester],14
R7b_hidden_layer_mismatch,conservative,shell[nylon]__filling[polyester],14
R7b_hidden_layer_mismatch,conservative,shell[modacrylic]__lining[polyester],13
R7b_hidden_layer_mismatch,conservative,shell[nylon]__inner_layer[polyester],13
R7b_hidden_layer_mismatch,conservative,shell[nylon]__lining[elastane],13
R7b_hidden_layer_mismatch,conservative,body[cotton]__cup_lining[polyester],12
R7b_hidden_layer_mismatch,conservative,body[viscose]__petticoat[polyester],12
R7b_hidden_layer_mismatch,conservative,front_panel[nylon]__cup_lining[polyester],12
R7b_hidden_layer_mismatch,conservative,main[nylon]__padding[polyester],11
R7b_hidden_layer_mismatch,conservative,shell[lamb leather]__lining[viscose],11
R7b_hidden_layer_mismatch,conservative,shell[cotton]__body_lining[polyester],10
R7b_hidden_layer_mismatch,conservative,shell[cotton]__inner_layer[polyester],10
R7b_hidden_layer_mismatch,conservative,shell[linen]__body_lining[polyester],10
R7b_hidden_layer_mismatch,conservative,shell[polyester]__padding[reprocessed down],10
R7b_hidden_layer_mismatch,conservative,shell[leather]__lining[polyester],9
R7b_hidden_layer_mismatch,conservative,shell[sheep leather]__lining[viscose],9
R7b_hidden_layer_mismatch,conservative,body[nylon]__lining[polyester],8
R7b_hidden_layer_mismatch,conservative,main[nylon]__cup_lining[polyester],8
R7b_hidden_layer_mismatch,conservative,shell[leather]__lining[viscose],8
R7b_hidden_layer_mismatch,conservative,shell[modal]__lining[polyester],8
R7b_hidden_layer_mismatch,conservative,shell[wool]__lining[cotton],8
R7b_hidden_layer_mismatch,conservative,body[cotton]__lining[nylon],7
R7b_hidden_layer_mismatch,conservative,face[polyester]__lining[nylon],7
R7b_hidden_layer_mismatch,conservative,lace[nylon]__lining[cotton],7
R7b_hidden_layer_mismatch,conservative,shell[polyester]__upper_body_filling[down - recycled down],7
R7b_hidden_layer_mismatch,conservative,main[nylon]__lining[cotton],6
R7b_hidden_layer_mismatch,conservative,shell[cotton]__hood_lining[polyester],6
R7b_hidden_layer_mismatch,conservative,shell[lyocell]__lining[viscose],6
R7b_hidden_layer_mismatch,conservative,main[wool]__lining[cotton],5
R7b_hidden_layer_mismatch,conservative,padding[reprocessed down]__lining[nylon],5
R7b_hidden_layer_mismatch,conservative,shell[cow leather]__lining[viscose],5
R7b_hidden_layer_mismatch,conservative,shell[linen]__lining[viscose],5
R7b_hidden_layer_mismatch,conservative,shell[polyester]__filling[down],5
R7b_hidden_layer_mismatch,conservative,shell[silk]__lining[viscose],5
R7b_hidden_layer_mismatch,conservative,shell[viscose]__inner_layer[polyester],5
R7b_hidden_layer_mismatch,conservative,shell[viscose]__lining[nylon],5
R7b_hidden_layer_mismatch,conservative,body[viscose]__lining[nylon],4
R7b_hidden_layer_mismatch,conservative,face[cotton]__filling[polyester],4
R7b_hidden_layer_mismatch,conservative,face[nylon]__body_filling[down],4
R7b_hidden_layer_mismatch,conservative,main[nylon]__padding[reprocessed down],4
R7b_hidden_layer_mismatch,conservative,main[wool]__lining[acetate],4
R7b_hidden_layer_mismatch,conservative,shell[acrylic]__front_body_lining[polyester],4
R7b_hidden_layer_mismatch,conservative,shell[elastane]__cup_lining[polyester],4
R7b_hidden_layer_mismatch,conservative,shell[elastane]__lining[nylon],4
R7b_hidden_layer_mismatch,conservative,shell[elastane]__lining[polyester],4
R7b_hidden_layer_mismatch,conservative,shell[elastomultiester]__body_filling[down],4
R7b_hidden_layer_mismatch,conservative,shell[goat suede]__lining[polyester],4
R7b_hidden_layer_mismatch,conservative,shell[lyocell]__sleeve_lining[polyester],4
R7b_hidden_layer_mismatch,conservative,shell[nylon]__body_lining[polyester],4
R7b_hidden_layer_mismatch,conservative,shell[nylon]__filling[down],4
R7b_hidden_layer_mismatch,conservative,shell[nylon]__lining[viscose],4
R7b_hidden_layer_mismatch,conservative,shell[polyester]__body_lining[cotton],4
R7b_hidden_layer_mismatch,conservative,shell[polyester]__cup_lining[nylon],4
R7b_hidden_layer_mismatch,conservative,shell[polyester]__inner_layer[nylon],4
R7b_hidden_layer_mismatch,conservative,shell[polyester]__lining[acetate],4
R7b_hidden_layer_mismatch,conservative,shell[sheep leather]__lining[cotton],4
R7b_hidden_layer_mismatch,conservative,shell[suede]__lining[polyester],4
R7b_hidden_layer_mismatch,conservative,shell[viscose]__sleeve_lining[polyester],4
R7b_hidden_layer_mismatch,conservative,shell[wool]__body_lining[polyester],4
R7b_hidden_layer_mismatch,conservative,shell[wool]__sleeve_lining[polyester],4
R7b_hidden_layer_mismatch,conservative,body[nylon]__inner_pants[polyester],3
R7b_hidden_layer_mismatch,conservative,main[cotton]__padding[polyester],3
R7b_hidden_layer_mismatch,conservative,main[leather]__lining[viscose],3
R7b_hidden_layer_mismatch,conservative,main[polyester]__lining[acetate],3
R7b_hidden_layer_mismatch,conservative,shell[cotton]__body_lining[nylon],3
R7b_hidden_layer_mismatch,conservative,shell[cow leather]__lining[polyester],3
R7b_hidden_layer_mismatch,conservative,shell[goat leather]__lining[polyester],3
R7b_hidden_layer_mismatch,conservative,shell[goat suede]__lining[viscose],3
R7b_hidden_layer_mismatch,conservative,shell[linen]__sleeve_lining[polyester],3
R7b_hidden_layer_mismatch,conservative,shell[modal]__lining[cotton],3
R7b_hidden_layer_mismatch,conservative,shell[nylon]__body_filling[down],3
R7b_hidden_layer_mismatch,conservative,shell[nylon]__padding[down],3
R7b_hidden_layer_mismatch,conservative,shell[polyurethane]__lining[polyester],3
R7b_hidden_layer_mismatch,conservative,shell[ramie]__lining[cotton],3
R7b_hidden_layer_mismatch,conservative,shell[sheep leather]__lining[polyester],3
R7b_hidden_layer_mismatch,conservative,shell[wool]__padding[polyester],3
R7b_hidden_layer_mismatch,conservative,coating[polyurethane]__lining[cotton],2
R7b_hidden_layer_mismatch,conservative,main[cotton]__lining[viscose],2
R7b_hidden_layer_mismatch,conservative,main[linen]__lining[cotton],2
R7b_hidden_layer_mismatch,conservative,main[linen]__lining[polyester],2
R7b_hidden_layer_mismatch,conservative,main[polyester]__lining[nylon],2
R7b_hidden_layer_mismatch,conservative,main[polyester]__lining[viscose],2
R7b_hidden_layer_mismatch,conservative,main[polyester]__padding[down],2
R7b_hidden_layer_mismatch,conservative,main[viscose]__lining[cotton],2
R7b_hidden_layer_mismatch,conservative,main[wool]__body_lining[viscose],2
R7b_hidden_layer_mismatch,conservative,main[wool]__lining[viscose],2
R7b_hidden_layer_mismatch,conservative,outer_layer[polyester]__inner_layer[nylon],2
R7b_hidden_layer_mismatch,conservative,outer_layer[wool]__inner_layer[cotton],2
R7b_hidden_layer_mismatch,conservative,shell[acrylic]__lining[cotton],2
R7b_hidden_layer_mismatch,conservative,shell[acrylic]__lining[polyester],2
R7b_hidden_layer_mismatch,conservative,shell[cotton]__inner_pants[polyester],2
R7b_hidden_layer_mismatch,conservative,shell[cotton]__lining[elastane],2
R7b_hidden_layer_mismatch,conservative,shell[lamb leather]__lining[cotton],2
R7b_hidden_layer_mismatch,conservative,shell[polyester]__inner_layer[viscose],2
R7b_hidden_layer_mismatch,conservative,shell[polyester]__padding[nylon],2
R7b_hidden_layer_mismatch,conservative,shell[polyester]__sleeve_lining[cotton],2
R7b_hidden_layer_mismatch,conservative,shell[suede]__lining[viscose],2
R7b_hidden_layer_mismatch,conservative,shell[wool]__lining[acetate],2
R7b_hidden_layer_mismatch,conservative,upper[cotton]__inner_layer[polyester],2
R7b_hidden_layer_mismatch,conservative,base_fabric[polyester]__lining[cotton],1
R7b_hidden_layer_mismatch,conservative,face[nylon]__padding[polyester],1
R7b_hidden_layer_mismatch,conservative,face[polyester]__padding[reprocessed down],1
R7b_hidden_layer_mismatch,conservative,main[acetate]__padding[polyester],1
R7b_hidden_layer_mismatch,conservative,main[cotton]__cup_lining[nylon],1
R7b_hidden_layer_mismatch,conservative,main[cotton]__cup_lining[polyester],1
R7b_hidden_layer_mismatch,conservative,main[cotton]__inner_layer[polyester],1
R7b_hidden_layer_mismatch,conservative,main[modal]__lining[polyester],1
R7b_hidden_layer_mismatch,conservative,main[nylon]__lining[viscose],1
R7b_hidden_layer_mismatch,conservative,main[polyester]__inner_layer[rubber],1
R7b_hidden_layer_mismatch,conservative,main[polyester]__padding[reprocessed down],1
R7b_hidden_layer_mismatch,conservative,main[viscose]__lining[lyocell],1
R7b_hidden_layer_mismatch,conservative,main[wool]__inner_layer[viscose],1
R7b_hidden_layer_mismatch,conservative,outer_layer[nylon]__padding[down],1
R7b_hidden_layer_mismatch,conservative,shell[acetate]__lining[cotton],1
R7b_hidden_layer_mismatch,conservative,shell[acetate]__lining[polyester],1
R7b_hidden_layer_mismatch,conservative,shell[cotton]__body_lining[lyocell],1
R7b_hidden_layer_mismatch,conservative,shell[cotton]__cup_lining[nylon],1
R7b_hidden_layer_mismatch,conservative,shell[cotton]__lining[nylon],1
R7b_hidden_layer_mismatch,conservative,shell[cotton]__lining[wool],1
R7b_hidden_layer_mismatch,conservative,shell[cotton]__padding[polyurethane],1
R7b_hidden_layer_mismatch,conservative,shell[cotton]__sleeve_lining[viscose],1
R7b_hidden_layer_mismatch,conservative,shell[lamb leather]__lining[polyester],1
R7b_hidden_layer_mismatch,conservative,shell[linen]__body_lining[cotton],1
R7b_hidden_layer_mismatch,conservative,shell[linen]__lining[acetate],1
R7b_hidden_layer_mismatch,conservative,shell[linen]__padding[polyester],1
R7b_hidden_layer_mismatch,conservative,shell[lyocell]__body_lining[polyester],1
R7b_hidden_layer_mismatch,conservative,shell[lyocell]__inner_layer[viscose],1
R7b_hidden_layer_mismatch,conservative,shell[lyocell]__padding[polyester],1
R7b_hidden_layer_mismatch,conservative,shell[modacrylic]__lining[cotton],1
R7b_hidden_layer_mismatch,conservative,shell[nylon]__cup_lining[polyester resin],1
R7b_hidden_layer_mismatch,conservative,shell[nylon]__padding[polyurethane],1
R7b_hidden_layer_mismatch,conservative,shell[nylon]__skirt_lining[polyester],1
R7b_hidden_layer_mismatch,conservative,shell[polyester]__cup_lining[cotton],1
R7b_hidden_layer_mismatch,conservative,shell[polyester]__inner_layer[elastane],1
R7b_hidden_layer_mismatch,conservative,shell[polyester]__lining[rubber],1
R7b_hidden_layer_mismatch,conservative,shell[polyester]__padding[acrylic],1
R7b_hidden_layer_mismatch,conservative,shell[polyester]__padding[down],1
R7b_hidden_layer_mismatch,conservative,shell[polyurethane]__lining[paper],1
R7b_hidden_layer_mismatch,conservative,shell[viscose]__lining[acetate],1
R7b_hidden_layer_mismatch,conservative,shell[viscose]__lining[lyocell],1
R7b_hidden_layer_mismatch,conservative,shell[wool]__lining[lyocell],1
R7b_hidden_layer_mismatch,conservative,shell[wool]__lining[polypropylene],1
R7b_hidden_layer_mismatch,conservative,shell[wool]__sleeve_lining[viscose],1
R7b_hidden_layer_mismatch,default,shell[elastane+nylon]__lining[polyester],574
R7b_hidden_layer_mismatch,default,shell[elastane+nylon]__lining[cotton],446
R7b_hidden_layer_mismatch,default,shell[cotton]__lining[polyester],250
R7b_hidden_layer_mismatch,default,shell[nylon]__lining[polyester],137
R7b_hidden_layer_mismatch,default,coating[polyurethane]__lining[polyester],123
R7b_hidden_layer_mismatch,default,shell[nylon]__padding[polyester],110
R7b_hidden_layer_mismatch,default,shell[elastane+nylon]__cup_lining[polyester],89
R7b_hidden_layer_mismatch,default,shell[nylon+viscose]__lining[polyester],80
R7b_hidden_layer_mismatch,default,shell[cotton+elastane]__lining[polyester],78
R7b_hidden_layer_mismatch,default,shell[linen+viscose]__lining[polyester],70
R7b_hidden_layer_mismatch,default,shell[cotton+elastane]__cup_lining[polyester],67
R7b_hidden_layer_mismatch,default,shell[polyester]__lining[cotton],64
R7b_hidden_layer_mismatch,default,shell[linen+viscose]__lining[cotton],59
R7b_hidden_layer_mismatch,default,face[nylon]__filling[polyester],56
R7b_hidden_layer_mismatch,default,shell[elastane+polyester]__lining[nylon],48
R7b_hidden_layer_mismatch,default,shell[cotton]__padding[polyester],46
R7b_hidden_layer_mismatch,default,shell[cotton+nylon]__lining[polyester],44
R7b_hidden_layer_mismatch,default,shell[nylon+viscose]__lining[cotton],44
R7b_hidden_layer_mismatch,default,shell[polyester]__lining[elastane],41
R7b_hidden_layer_mismatch,default,shell[polyester]__lining[nylon],38
R7b_hidden_layer_mismatch,default,shell[cotton+linen]__lining[polyester],35
R7b_hidden_layer_mismatch,default,body[elastane+nylon]__cup_lining[polyester],33
R7b_hidden_layer_mismatch,default,shell[lyocell+nylon]__lining[polyester],33
R7b_hidden_layer_mismatch,default,shell[nylon]__lining[cotton],31
R7b_hidden_layer_mismatch,default,shell[elastane+nylon+viscose]__lining[polyester],30
R7b_hidden_layer_mismatch,default,shell[linen]__lining[polyester],29
R7b_hidden_layer_mismatch,default,shell[polyester]__lining[viscose],26
R7b_hidden_layer_mismatch,default,shell[cupro+elastane+polyester]__lining[nylon],24
R7b_hidden_layer_mismatch,default,shell[linen]__lining[cotton],24
R7b_hidden_layer_mismatch,default,shell[viscose]__lining[polyester],24
R7b_hidden_layer_mismatch,default,main[elastane+nylon]__lining[polyester],23
R7b_hidden_layer_mismatch,default,shell[polyester+wool]__lining[viscose],22
R7b_hidden_layer_mismatch,default,shell[nylon+polyester]__lining[cotton],21
R7b_hidden_layer_mismatch,default,shell[wool]__lining[viscose],20
R7b_hidden_layer_mismatch,default,shell[cotton]__sleeve_lining[polyester],19
R7b_hidden_layer_mismatch,default,shell[elastane+nylon]__padding[polyester],19
R7b_hidden_layer_mismatch,default,body[cotton]__hood_lining[polyester],16
R7b_hidden_layer_mismatch,default,coating[polyurethane]__padding[polyester],16
R7b_hidden_layer_mismatch,default,shell[cotton+lyocell]__lining[polyester],16
R7b_hidden_layer_mismatch,default,shell[elastane+polyester+viscose]__lining[cotton],16
R7b_hidden_layer_mismatch,default,shell[metallised_fibre+viscose]__lining[polyester],16
R7b_hidden_layer_mismatch,default,shell[nylon]__filling[polyester],14
R7b_hidden_layer_mismatch,default,pocket_lining[cotton]__hood_lining[polyester],13
R7b_hidden_layer_mismatch,default,shell[cotton+viscose]__lining[polyester],13
R7b_hidden_layer_mismatch,default,shell[elastane+polyester]__lining[cotton],13
R7b_hidden_layer_mismatch,default,shell[elastomultiester+polyester]__body_filling[down],13
R7b_hidden_layer_mismatch,default,shell[nylon]__padding[reprocessed down],13
R7b_hidden_layer_mismatch,default,body[cotton+elastane]__cup_lining[polyester],12
R7b_hidden_layer_mismatch,default,front_panel[elastane+nylon]__cup_lining[polyester],12
R7b_hidden_layer_mismatch,default,shell[polyester+viscose]__lining[cotton],12
R7b_hidden_layer_mismatch,default,shell[polyester]__hood_lining[cotton],12
R7b_hidden_layer_mismatch,default,main[nylon]__padding[polyester],11
R7b_hidden_layer_mismatch,default,shell[cotton+linen+viscose]__lining[polyester],11
R7b_hidden_layer_mismatch,default,shell[cotton+nylon]__filling[polyester],11
R7b_hidden_layer_mismatch,default,shell[cotton]__lining[viscose],11
R7b_hidden_layer_mismatch,default,shell[lamb leather]__lining[viscose],11
R7b_hidden_layer_mismatch,default,shell[cotton+elastane+nylon+viscose]__cup_lining[polyester],10
R7b_hidden_layer_mismatch,default,shell[cotton+nylon+viscose]__lining[polyester],10
R7b_hidden_layer_mismatch,default,shell[linen]__body_lining[polyester],10
R7b_hidden_layer_mismatch,default,shell[cotton+nylon]__padding[polyester],9
R7b_hidden_layer_mismatch,default,shell[cotton+polyester]__lining[viscose],9
R7b_hidden_layer_mismatch,default,shell[cotton]__inner_layer[polyester],9
R7b_hidden_layer_mismatch,default,shell[elastane+nylon+polyester]__lining[cotton],9
R7b_hidden_layer_mismatch,default,shell[elastane+nylon]__inner_layer[polyester],9
R7b_hidden_layer_mismatch,default,shell[elastane+polyester+wool]__lining[viscose],9
R7b_hidden_layer_mismatch,default,shell[leather]__lining[polyester],9
R7b_hidden_layer_mismatch,default,shell[lyocell+nylon]__lining[cotton],9
R7b_hidden_layer_mismatch,default,shell[sheep leather]__lining[viscose],9
R7b_hidden_layer_mismatch,default,body[elastane+nylon]__lining[polyester],8
R7b_hidden_layer_mismatch,default,body[linen+polyester+viscose]__petticoat[elastomultiester],8
R7b_hidden_layer_mismatch,default,main[elastane+nylon]__cup_lining[polyester],8
R7b_hidden_layer_mismatch,default,shell[cotton+elastane+nylon]__lining[polyester],8
R7b_hidden_layer_mismatch,default,shell[leather]__lining[viscose],8
R7b_hidden_layer_mismatch,default,shell[wool]__lining[polyester],8
R7b_hidden_layer_mismatch,default,body[cotton+elastane+nylon]__cup_lining[polyester],7
R7b_hidden_layer_mismatch,default,face[polyester]__lining[nylon],7
R7b_hidden_layer_mismatch,default,lace[elastane+nylon]__lining[cotton],7
R7b_hidden_layer_mismatch,default,shell[elastane+metallised_fibre+nylon]__lining[polyester],7
R7b_hidden_layer_mismatch,default,shell[metallised_fibre+nylon]__lining[polyester],7
R7b_hidden_layer_mismatch,default,shell[polyester]__upper_body_filling[down - recycled down],7
R7b_hidden_layer_mismatch,default,body[polyester]__petticoat[elastomultiester],6
R7b_hidden_layer_mismatch,default,main[elastane+nylon]__lining[cotton],6
R7b_hidden_layer_mismatch,default,main[polyester]__lining[cotton],6
R7b_hidden_layer_mismatch,default,shell[cotton+linen]__sleeve_lining[polyester],6
R7b_hidden_layer_mismatch,default,shell[elastane+polyester+wool]__lining[cotton],6
R7b_hidden_layer_mismatch,default,shell[linen+lyocell+nylon]__lining[cotton],6
R7b_hidden_layer_mismatch,default,main[elastane+polyester+wool]__lining[cotton],5
R7b_hidden_layer_mismatch,default,padding[reprocessed down+reprocessed feather]__lining[nylon],5
R7b_hidden_layer_mismatch,default,shell[cotton+elastane]__body_lining[polyester],5
R7b_hidden_layer_mismatch,default,shell[cow leather]__lining[viscose],5
R7b_hidden_layer_mismatch,default,shell[elastane+elastomultiester+polyester]__lining[cotton],5
R7b_hidden_layer_mismatch,default,shell[elastane+polyester]__lining[viscose],5
R7b_hidden_layer_mismatch,default,shell[elastane+polyester]__padding[reprocessed down],5
R7b_hidden_layer_mismatch,default,shell[elastomultiester+polyester]__filling[down],5
R7b_hidden_layer_mismatch,default,shell[linen]__lining[viscose],5
R7b_hidden_layer_mismatch,default,shell[lyocell]__lining[cotton],5
R7b_hidden_layer_mismatch,default,shell[nylon+wool]__lining[viscose],5
R7b_hidden_layer_mismatch,default,shell[polyester+unspecified_material+wool]__lining[viscose],5
R7b_hidden_layer_mismatch,default,shell[polyester+viscose]__lining[nylon],5
R7b_hidden_layer_mismatch,default,shell[polyester]__inner_layer[elastane],5
R7b_hidden_layer_mismatch,default,shell[polyester]__padding[reprocessed down],5
R7b_hidden_layer_mismatch,default,shell[silk]__lining[viscose],5
R7b_hidden_layer_mismatch,default,body[polyester+viscose]__lining[nylon],4
R7b_hidden_layer_mismatch,default,face[cotton+nylon]__filling[polyester],4
R7b_hidden_layer_mismatch,default,face[nylon]__body_filling[down],4
R7b_hidden_layer_mismatch,default,main[cotton+elastane]__lining[polyester],4
R7b_hidden_layer_mismatch,default,main[cotton]__lining[polyester],4
R7b_hidden_layer_mismatch,default,main[elastane+polyester]__lining[cotton],4
R7b_hidden_layer_mismatch,default,main[linen+viscose]__lining[polyester],4
R7b_hidden_layer_mismatch,default,shell[acetate+wool]__lining[polyester],4
R7b_hidden_layer_mismatch,default,shell[acrylic+elastane+nylon+viscose]__front_body_lining[polyester],4
R7b_hidden_layer_mismatch,default,shell[cotton+elastane+elastomultiester]__lining[polyester],4
R7b_hidden_layer_mismatch,default,shell[cotton+elastane]__sleeve_lining[polyester],4
R7b_hidden_layer_mismatch,default,shell[cotton+lyocell]__padding[polyester],4
R7b_hidden_layer_mismatch,default,shell[elastane+metallised_fibre+nylon]__lining[cotton],4
R7b_hidden_layer_mismatch,default,shell[elastane+polyester+wool]__body_lining[viscose],4
R7b_hidden_layer_mismatch,default,shell[elastane+viscose]__inner_layer[polyester],4
R7b_hidden_layer_mismatch,default,shell[elastomultiester]__body_filling[down],4
R7b_hidden_layer_mismatch,default,shell[goat suede]__lining[polyester],4
R7b_hidden_layer_mismatch,default,shell[linen+lyocell+nylon]__lining[polyester],4
R7b_hidden_layer_mismatch,default,shell[linen+lyocell]__lining[cotton],4
R7b_hidden_layer_mismatch,default,shell[linen+lyocell]__lining[polyester],4
R7b_hidden_layer_mismatch,default,shell[linen+lyocell]__sleeve_lining[polyester],4
R7b_hidden_layer_mismatch,default,shell[linen+nylon+viscose]__lining[polyester],4
R7b_hidden_layer_mismatch,default,shell[nylon+viscose]__sleeve_lining[polyester],4
R7b_hidden_layer_mismatch,default,shell[nylon]__filling[down],4
R7b_hidden_layer_mismatch,default,shell[nylon]__inner_layer[polyester],4
R7b_hidden_layer_mismatch,default,shell[polyester]__cup_lining[nylon],4
R7b_hidden_layer_mismatch,default,shell[sheep leather]__lining[cotton],4
R7b_hidden_layer_mismatch,default,shell[suede]__lining[polyester],4
R7b_hidden_layer_mismatch,default,body[elastane+nylon]__inner_pants[polyester],3
R7b_hidden_layer_mismatch,default,main[elastane+polyester+wool]__lining[acetate],3
R7b_hidden_layer_mismatch,default,main[leather]__lining[viscose],3
R7b_hidden_layer_mismatch,default,main[nylon]__padding[reprocessed down],3
R7b_hidden_layer_mismatch,default,main[polyester+wool]__lining[viscose],3
R7b_hidden_layer_mismatch,default,shell[acrylic+polyester+wool]__lining[viscose],3
R7b_hidden_layer_mismatch,default,shell[cotton+elastane+nylon]__cup_lining[polyester],3
R7b_hidden_layer_mismatch,default,shell[cotton+elastane+polyester]__lining[viscose],3
R7b_hidden_layer_mismatch,default,shell[cotton+elastane]__padding[polyester],3
R7b_hidden_layer_mismatch,default,shell[cotton+nylon]__lining[viscose],3
R7b_hidden_layer_mismatch,default,shell[cotton+nylon]__padding[reprocessed down],3
R7b_hidden_layer_mismatch,default,shell[cotton+polyester]__lining[nylon],3
R7b_hidden_layer_mismatch,default,shell[cotton+polyester]__sleeve_lining[viscose],3
R7b_hidden_layer_mismatch,default,shell[cotton]__filling[polyester],3
R7b_hidden_layer_mismatch,default,shell[cotton]__lining[elastane],3
R7b_hidden_layer_mismatch,default,shell[cow leather]__lining[polyester],3
R7b_hidden_layer_mismatch,default,shell[elastane+modal+nylon]__lining[cotton],3
R7b_hidden_layer_mismatch,default,shell[elastane+polyester+viscose]__lining[elastomultiester],3
R7b_hidden_layer_mismatch,default,shell[elastane+polyester+wool]__lining[acetate],3
R7b_hidden_layer_mismatch,default,shell[goat leather]__lining[polyester],3
R7b_hidden_layer_mismatch,default,shell[goat suede]__lining[viscose],3
R7b_hidden_layer_mismatch,default,shell[linen+lyocell+viscose]__lining[polyester],3
R7b_hidden_layer_mismatch,default,shell[linen+nylon+viscose]__lining[cotton],3
R7b_hidden_layer_mismatch,default,shell[lyocell+polyester]__lining[cotton],3
R7b_hidden_layer_mismatch,default,shell[lyocell]__lining[polyester],3
R7b_hidden_layer_mismatch,default,shell[nylon]__body_filling[down],3
R7b_hidden_layer_mismatch,default,shell[nylon]__lining[elastane],3
R7b_hidden_layer_mismatch,default,shell[polyester+wool]__body_lining[viscose],3
R7b_hidden_layer_mismatch,default,shell[polyester+wool]__lining[cotton],3
R7b_hidden_layer_mismatch,default,shell[polyester]__body_filling[down],3
R7b_hidden_layer_mismatch,default,shell[polyester]__body_filling[viscose],3
R7b_hidden_layer_mismatch,default,shell[polyurethane]__lining[polyester],3
R7b_hidden_layer_mismatch,default,shell[ramie]__lining[cotton],3
R7b_hidden_layer_mismatch,default,shell[sheep leather]__lining[polyester],3
R7b_hidden_layer_mismatch,default,shell[silk+viscose]__lining[polyester],3
R7b_hidden_layer_mismatch,default,shell[viscose]__lining[cotton],3
R7b_hidden_layer_mismatch,default,skirt[elastomultiester+polyester]__inner_pants[elastane],3
R7b_hidden_layer_mismatch,default,coating[polyurethane]__lining[cotton],2
R7b_hidden_layer_mismatch,default,main[cotton+elastane+linen]__lining[polyester],2
R7b_hidden_layer_mismatch,default,main[cotton+nylon]__lining[polyester],2
R7b_hidden_layer_mismatch,default,main[cotton+viscose]__lining[polyester],2
R7b_hidden_layer_mismatch,default,main[cotton]__padding[polyester],2
R7b_hidden_layer_mismatch,default,main[elastane+metallised_fibre+nylon]__lining[polyester],2
R7b_hidden_layer_mismatch,default,main[elastane+polyester]__lining[nylon],2
R7b_hidden_layer_mismatch,default,main[linen+polyester]__lining[cotton],2
R7b_hidden_layer_mismatch,default,main[nylon+polyester]__padding[down],2
R7b_hidden_layer_mismatch,default,main[nylon+viscose]__lining[cotton],2
R7b_hidden_layer_mismatch,default,main[nylon+wool]__body_lining[viscose],2
R7b_hidden_layer_mismatch,default,main[nylon+wool]__lining[acetate],2
R7b_hidden_layer_mismatch,default,main[polyester]__lining[elastane],2
R7b_hidden_layer_mismatch,default,main[polyester]__lining[viscose],2
R7b_hidden_layer_mismatch,default,main[viscose]__lining[polyester],2
R7b_hidden_layer_mismatch,default,main[wool]__lining[cotton],2
R7b_hidden_layer_mismatch,default,outer_layer[polyester+wool]__inner_layer[cotton],2
R7b_hidden_layer_mismatch,default,outer_layer[polyester]__inner_layer[nylon],2
R7b_hidden_layer_mismatch,default,padding[polyester]__lining[elastane],2
R7b_hidden_layer_mismatch,default,shell[cotton+elastane+viscose]__lining[polyester],2
R7b_hidden_layer_mismatch,default,shell[cotton+linen+nylon]__lining[polyester],2
R7b_hidden_layer_mismatch,default,shell[cotton+lyocell+nylon+viscose]__lining[polyester],2
R7b_hidden_layer_mismatch,default,shell[cotton+lyocell+nylon]__lining[polyester],2
R7b_hidden_layer_mismatch,default,shell[cotton+lyocell]__body_lining[polyester],2
R7b_hidden_layer_mismatch,default,shell[cotton+modal]__lining[polyester],2
R7b_hidden_layer_mismatch,default,shell[cotton+nylon]__sleeve_lining[polyester],2
R7b_hidden_layer_mismatch,default,shell[cotton+polyester]__sleeve_lining[nylon],2
R7b_hidden_layer_mismatch,default,shell[cotton+wool]__body_lining[polyester],2
R7b_hidden_layer_mismatch,default,shell[cotton+wool]__lining[viscose],2
R7b_hidden_layer_mismatch,default,shell[cotton]__body_lining[polyester],2
R7b_hidden_layer_mismatch,default,shell[elastane+lyocell+nylon+polyester+viscose]__lining[cotton],2
R7b_hidden_layer_mismatch,default,shell[elastane+metallised_fibre+nylon]__padding[polyester],2
R7b_hidden_layer_mismatch,default,shell[elastane+nylon+polyester+wool]__sleeve_lining[cotton],2
R7b_hidden_layer_mismatch,default,shell[elastane+nylon]__body_lining[polyester],2
R7b_hidden_layer_mismatch,default,shell[elastane+polyester]__padding[nylon],2
R7b_hidden_layer_mismatch,default,shell[elastane+viscose+wool]__lining[polyester],2
R7b_hidden_layer_mismatch,default,shell[lamb leather]__lining[cotton],2
R7b_hidden_layer_mismatch,default,shell[linen+lyocell]__lining[viscose],2
R7b_hidden_layer_mismatch,default,shell[linen+polyester+viscose]__lining[cotton],2
R7b_hidden_layer_mismatch,default,shell[linen+wool]__lining[polyester],2
R7b_hidden_layer_mismatch,default,shell[linen+wool]__lining[viscose],2
R7b_hidden_layer_mismatch,default,shell[lyocell+polyester]__lining[viscose],2
R7b_hidden_layer_mismatch,default,shell[nylon]__body_lining[polyester],2
R7b_hidden_layer_mismatch,default,shell[nylon]__lining[viscose],2
R7b_hidden_layer_mismatch,default,shell[nylon]__padding[down],2
R7b_hidden_layer_mismatch,default,shell[polyester+viscose]__lining[elastane],2
R7b_hidden_layer_mismatch,default,shell[polyester+wool]__lining[acetate],2
R7b_hidden_layer_mismatch,default,shell[polyester]__body_lining[cotton],2
R7b_hidden_layer_mismatch,default,shell[polyester]__inner_layer[nylon],2
R7b_hidden_layer_mismatch,default,shell[polyester]__inner_layer[viscose],2
R7b_hidden_layer_mismatch,default,shell[suede]__lining[viscose],2
R7b_hidden_layer_mismatch,default,shell[viscose+wool]__lining[polyester],2
R7b_hidden_layer_mismatch,default,upper[cotton]__inner_layer[polyester],2
R7b_hidden_layer_mismatch,default,base_fabric[elastane+polyester+viscose]__lining[cotton],1
R7b_hidden_layer_mismatch,default,coating[polyester]__lining[viscose],1
R7b_hidden_layer_mismatch,default,face[elastane+nylon]__padding[polyester],1
R7b_hidden_layer_mismatch,default,face[polyester]__padding[reprocessed down],1
R7b_hidden_layer_mismatch,default,main[acetate]__padding[polyester],1
R7b_hidden_layer_mismatch,default,main[acrylic+nylon+wool]__lining[acetate],1
R7b_hidden_layer_mismatch,default,main[cotton+elastane+nylon]__padding[reprocessed down],1
R7b_hidden_layer_mismatch,default,main[cotton+elastane+viscose]__cup_lining[nylon],1
R7b_hidden_layer_mismatch,default,main[cotton+elastane]__cup_lining[polyester],1
R7b_hidden_layer_mismatch,default,main[cotton+elastane]__lining[viscose],1
R7b_hidden_layer_mismatch,default,main[cotton+elastane]__padding[polyester],1
R7b_hidden_layer_mismatch,default,main[cotton+metallised_fibre+nylon]__lining[polyester],1
R7b_hidden_layer_mismatch,default,main[cotton]__inner_layer[polyester],1
R7b_hidden_layer_mismatch,default,main[cotton]__lining[viscose],1
R7b_hidden_layer_mismatch,default,main[elastane+nylon+polyester]__inner_layer[rubber],1
R7b_hidden_layer_mismatch,default,main[nylon+wool]__inner_layer[viscose],1
R7b_hidden_layer_mismatch,default,main[nylon]__lining[viscose],1
R7b_hidden_layer_mismatch,default,main[polyester]__padding[reprocessed down],1
R7b_hidden_layer_mismatch,default,main[viscose]__lining[lyocell],1
R7b_hidden_layer_mismatch,default,main[wool]__lining[acetate],1
R7b_hidden_layer_mismatch,default,outer_layer[nylon]__padding[down],1
R7b_hidden_layer_mismatch,default,shell[acetate+cotton+metallised_fibre]__lining[polyester],1
R7b_hidden_layer_mismatch,default,shell[acetate]__lining[cotton],1
R7b_hidden_layer_mismatch,default,shell[acrylic+cotton+nylon+polyester+wool]__lining[viscose],1
R7b_hidden_layer_mismatch,default,shell[acrylic+modacrylic+polyester]__lining[viscose],1
R7b_hidden_layer_mismatch,default,shell[acrylic+nylon+polyester+wool]__lining[viscose],1
R7b_hidden_layer_mismatch,default,shell[cotton+elastane+linen]__lining[acetate],1
R7b_hidden_layer_mismatch,default,shell[cotton+elastane+lyocell+viscose]__lining[polyester],1
R7b_hidden_layer_mismatch,default,shell[cotton+elastane+lyocell+wool]__padding[polyester],1
R7b_hidden_layer_mismatch,default,shell[cotton+elastane]__cup_lining[nylon],1
R7b_hidden_layer_mismatch,default,shell[cotton+elastane]__lining[nylon],1
R7b_hidden_layer_mismatch,default,shell[cotton+elastane]__padding[polyurethane],1
R7b_hidden_layer_mismatch,default,shell[cotton+elastomultiester]__lining[polyester],1
R7b_hidden_layer_mismatch,default,shell[cotton+linen+ramie]__lining[polyester],1
R7b_hidden_layer_mismatch,default,shell[cotton+linen]__lining[viscose],1
R7b_hidden_layer_mismatch,default,shell[cotton+linen]__padding[polyester],1
R7b_hidden_layer_mismatch,default,shell[cotton+metallised_fibre+nylon]__lining[polyester],1
R7b_hidden_layer_mismatch,default,shell[cotton+metallised_fibre+polyester]__lining[viscose],1
R7b_hidden_layer_mismatch,default,shell[cotton+nylon+unspecified_material+wool]__lining[viscose],1
R7b_hidden_layer_mismatch,default,shell[cotton+nylon]__body_lining[lyocell],1
R7b_hidden_layer_mismatch,default,shell[cotton+polyester]__lining[elastane],1
R7b_hidden_layer_mismatch,default,shell[cotton+polyester]__lining[rubber],1
R7b_hidden_layer_mismatch,default,shell[cotton+wool]__lining[polyester],1
R7b_hidden_layer_mismatch,default,shell[cotton]__body_lining[nylon],1
R7b_hidden_layer_mismatch,default,shell[cotton]__hood_lining[polyester],1
R7b_hidden_layer_mismatch,default,shell[cotton]__inner_layer[viscose],1
R7b_hidden_layer_mismatch,default,shell[cotton]__lining[wool],1
R7b_hidden_layer_mismatch,default,shell[cupro+lyocell+nylon]__lining[viscose],1
R7b_hidden_layer_mismatch,default,shell[elastane+linen+viscose]__lining[acetate],1
R7b_hidden_layer_mismatch,default,shell[elastane+metallised_fibre+nylon]__cup_lining[polyester],1
R7b_hidden_layer_mismatch,default,shell[elastane+nylon+polyester]__padding[reprocessed down],1
R7b_hidden_layer_mismatch,default,shell[elastane+nylon+viscose]__lining[cotton],1
R7b_hidden_layer_mismatch,default,shell[elastane+nylon]__cup_lining[polyester resin],1
R7b_hidden_layer_mismatch,default,shell[elastane+nylon]__padding[polyurethane],1
R7b_hidden_layer_mismatch,default,shell[elastane+polyester+viscose]__hood_lining[cotton],1
R7b_hidden_layer_mismatch,default,shell[elastane+polyester+viscose]__lining[nylon],1
R7b_hidden_layer_mismatch,default,shell[elastane+polyester]__cup_lining[cotton],1
R7b_hidden_layer_mismatch,default,shell[elastane+polyester]__inner_layer[nylon],1
R7b_hidden_layer_mismatch,default,shell[elastane+viscose]__lining[polyester],1
R7b_hidden_layer_mismatch,default,shell[elastane+wool]__lining[viscose],1
R7b_hidden_layer_mismatch,default,shell[lamb leather]__lining[polyester],1
R7b_hidden_layer_mismatch,default,shell[linen+lyocell+polyester]__inner_layer[viscose],1
R7b_hidden_layer_mismatch,default,shell[linen+lyocell]__body_lining[polyester],1
R7b_hidden_layer_mismatch,default,shell[linen+polyester+wool]__lining[cotton],1
R7b_hidden_layer_mismatch,default,shell[linen+polyester+wool]__lining[viscose],1
R7b_hidden_layer_mismatch,default,shell[linen+wool]__lining[polypropylene],1
R7b_hidden_layer_mismatch,default,shell[linen+wool]__sleeve_lining[viscose],1
R7b_hidden_layer_mismatch,default,shell[linen]__body_lining[cotton],1
R7b_hidden_layer_mismatch,default,shell[lyocell+nylon]__lining[viscose],1
R7b_hidden_layer_mismatch,default,shell[lyocell+nylon]__padding[polyester],1
R7b_hidden_layer_mismatch,default,shell[lyocell+ramie]__lining[cotton],1
R7b_hidden_layer_mismatch,default,shell[metallised_fibre+polyester]__lining[elastane],1
R7b_hidden_layer_mismatch,default,shell[modacrylic+polyester]__lining[cotton],1
R7b_hidden_layer_mismatch,default,shell[modal+nylon]__lining[polyester],1
R7b_hidden_layer_mismatch,default,shell[nylon+polyester]__padding[down],1
R7b_hidden_layer_mismatch,default,shell[nylon+polyester]__padding[reprocessed down],1
R7b_hidden_layer_mismatch,default,shell[nylon+polypropylene+wool]__lining[viscose],1
R7b_hidden_layer_mismatch,default,shell[nylon+unspecified_material+wool]__lining[cotton],1
R7b_hidden_layer_mismatch,default,shell[nylon+unspecified_material+wool]__padding[polyester],1
R7b_hidden_layer_mismatch,default,shell[nylon+wool]__padding[polyester],1
R7b_hidden_layer_mismatch,default,shell[nylon]__inner_layer[elastane],1
R7b_hidden_layer_mismatch,default,shell[nylon]__skirt_lining[polyester],1
R7b_hidden_layer_mismatch,default,shell[polyester+unspecified_material+wool]__body_lining[viscose],1
R7b_hidden_layer_mismatch,default,shell[polyester+wool]__lining[lyocell],1
R7b_hidden_layer_mismatch,default,shell[polyester]__lining[metallised_fibre],1
R7b_hidden_layer_mismatch,default,shell[polyester]__padding[acrylic],1
R7b_hidden_layer_mismatch,default,shell[polyester]__padding[down],1
R7b_hidden_layer_mismatch,default,shell[polyurethane]__lining[paper],1
R7b_hidden_layer_mismatch,default,shell[viscose]__inner_layer[polyester],1
R7b_hidden_layer_mismatch,default,shell[viscose]__lining[lyocell],1
R7b_hidden_layer_mismatch,default,shell[wool]__lining[acetate],1
R7b_hidden_layer_mismatch,default,shell[wool]__lining[cotton],1
R7b_hidden_layer_mismatch,default,shell[wool]__padding[polyester],1
R7b_hidden_layer_mismatch,expanded,shell[elastane+nylon]__lining[polyester],574
R7b_hidden_layer_mismatch,expanded,shell[elastane+nylon]__lining[cotton],446
R7b_hidden_layer_mismatch,expanded,shell[cotton]__lining[polyester],250
R7b_hidden_layer_mismatch,expanded,shell[nylon]__lining[polyester],137
R7b_hidden_layer_mismatch,expanded,coating[polyurethane]__lining[polyester],123
R7b_hidden_layer_mismatch,expanded,shell[nylon]__padding[polyester],110
R7b_hidden_layer_mismatch,expanded,shell[elastane+nylon]__cup_lining[polyester],89
R7b_hidden_layer_mismatch,expanded,shell[nylon+viscose]__lining[polyester],80
R7b_hidden_layer_mismatch,expanded,shell[cotton+elastane]__lining[polyester],78
R7b_hidden_layer_mismatch,expanded,shell[linen+viscose]__lining[polyester],70
R7b_hidden_layer_mismatch,expanded,shell[cotton+elastane]__cup_lining[polyester],67
R7b_hidden_layer_mismatch,expanded,shell[polyester]__lining[cotton],64
R7b_hidden_layer_mismatch,expanded,shell[linen+viscose]__lining[cotton],59
R7b_hidden_layer_mismatch,expanded,face[nylon]__filling[polyester],56
R7b_hidden_layer_mismatch,expanded,shell[elastane+polyester]__lining[nylon],48
R7b_hidden_layer_mismatch,expanded,shell[cotton]__padding[polyester],46
R7b_hidden_layer_mismatch,expanded,shell[cotton+nylon]__lining[polyester],44
R7b_hidden_layer_mismatch,expanded,shell[nylon+viscose]__lining[cotton],44
R7b_hidden_layer_mismatch,expanded,shell[polyester]__lining[elastane],41
R7b_hidden_layer_mismatch,expanded,shell[polyester]__lining[nylon],38
R7b_hidden_layer_mismatch,expanded,shell[cotton+linen]__lining[polyester],35
R7b_hidden_layer_mismatch,expanded,body[elastane+nylon]__cup_lining[polyester],33
R7b_hidden_layer_mismatch,expanded,shell[lyocell+nylon]__lining[polyester],33
R7b_hidden_layer_mismatch,expanded,shell[nylon]__lining[cotton],31
R7b_hidden_layer_mismatch,expanded,shell[elastane+nylon+viscose]__lining[polyester],30
R7b_hidden_layer_mismatch,expanded,shell[linen]__lining[polyester],29
R7b_hidden_layer_mismatch,expanded,shell[polyester]__lining[viscose],26
R7b_hidden_layer_mismatch,expanded,shell[cupro+elastane+polyester]__lining[nylon],24
R7b_hidden_layer_mismatch,expanded,shell[linen]__lining[cotton],24
R7b_hidden_layer_mismatch,expanded,shell[viscose]__lining[polyester],24
R7b_hidden_layer_mismatch,expanded,main[elastane+nylon]__lining[polyester],23
R7b_hidden_layer_mismatch,expanded,shell[polyester+wool]__lining[viscose],22
R7b_hidden_layer_mismatch,expanded,shell[nylon+polyester]__lining[cotton],21
R7b_hidden_layer_mismatch,expanded,shell[wool]__lining[viscose],20
R7b_hidden_layer_mismatch,expanded,shell[cotton]__sleeve_lining[polyester],19
R7b_hidden_layer_mismatch,expanded,shell[elastane+nylon]__padding[polyester],19
R7b_hidden_layer_mismatch,expanded,body[cotton]__hood_lining[polyester],16
R7b_hidden_layer_mismatch,expanded,coating[polyurethane]__padding[polyester],16
R7b_hidden_layer_mismatch,expanded,shell[cotton+lyocell]__lining[polyester],16
R7b_hidden_layer_mismatch,expanded,shell[elastane+polyester+viscose]__lining[cotton],16
R7b_hidden_layer_mismatch,expanded,shell[metallised_fibre+viscose]__lining[polyester],16
R7b_hidden_layer_mismatch,expanded,shell[nylon]__filling[polyester],14
R7b_hidden_layer_mismatch,expanded,pocket_lining[cotton]__hood_lining[polyester],13
R7b_hidden_layer_mismatch,expanded,shell[cotton+viscose]__lining[polyester],13
R7b_hidden_layer_mismatch,expanded,shell[elastane+polyester]__lining[cotton],13
R7b_hidden_layer_mismatch,expanded,shell[elastomultiester+polyester]__body_filling[down],13
R7b_hidden_layer_mismatch,expanded,shell[nylon]__padding[reprocessed down],13
R7b_hidden_layer_mismatch,expanded,body[cotton+elastane]__cup_lining[polyester],12
R7b_hidden_layer_mismatch,expanded,front_panel[elastane+nylon]__cup_lining[polyester],12
R7b_hidden_layer_mismatch,expanded,shell[polyester+viscose]__lining[cotton],12
R7b_hidden_layer_mismatch,expanded,shell[polyester]__hood_lining[cotton],12
R7b_hidden_layer_mismatch,expanded,main[nylon]__padding[polyester],11
R7b_hidden_layer_mismatch,expanded,shell[cotton+linen+viscose]__lining[polyester],11
R7b_hidden_layer_mismatch,expanded,shell[cotton+nylon]__filling[polyester],11
R7b_hidden_layer_mismatch,expanded,shell[cotton]__lining[viscose],11
R7b_hidden_layer_mismatch,expanded,shell[lamb leather]__lining[viscose],11
R7b_hidden_layer_mismatch,expanded,shell[cotton+elastane+nylon+viscose]__cup_lining[polyester],10
R7b_hidden_layer_mismatch,expanded,shell[cotton+nylon+viscose]__lining[polyester],10
R7b_hidden_layer_mismatch,expanded,shell[linen]__body_lining[polyester],10
R7b_hidden_layer_mismatch,expanded,shell[cotton+nylon]__padding[polyester],9
R7b_hidden_layer_mismatch,expanded,shell[cotton+polyester]__lining[viscose],9
R7b_hidden_layer_mismatch,expanded,shell[cotton]__inner_layer[polyester],9
R7b_hidden_layer_mismatch,expanded,shell[elastane+nylon+polyester]__lining[cotton],9
R7b_hidden_layer_mismatch,expanded,shell[elastane+nylon]__inner_layer[polyester],9
R7b_hidden_layer_mismatch,expanded,shell[elastane+polyester+wool]__lining[viscose],9
R7b_hidden_layer_mismatch,expanded,shell[leather]__lining[polyester],9
R7b_hidden_layer_mismatch,expanded,shell[lyocell+nylon]__lining[cotton],9
R7b_hidden_layer_mismatch,expanded,shell[sheep leather]__lining[viscose],9
R7b_hidden_layer_mismatch,expanded,body[elastane+nylon]__lining[polyester],8
R7b_hidden_layer_mismatch,expanded,body[linen+polyester+viscose]__petticoat[elastomultiester],8
R7b_hidden_layer_mismatch,expanded,main[elastane+nylon]__cup_lining[polyester],8
R7b_hidden_layer_mismatch,expanded,shell[cotton+elastane+nylon]__lining[polyester],8
R7b_hidden_layer_mismatch,expanded,shell[leather]__lining[viscose],8
R7b_hidden_layer_mismatch,expanded,shell[wool]__lining[polyester],8
R7b_hidden_layer_mismatch,expanded,body[cotton+elastane+nylon]__cup_lining[polyester],7
R7b_hidden_layer_mismatch,expanded,face[polyester]__lining[nylon],7
R7b_hidden_layer_mismatch,expanded,lace[elastane+nylon]__lining[cotton],7
R7b_hidden_layer_mismatch,expanded,shell[elastane+metallised_fibre+nylon]__lining[polyester],7
R7b_hidden_layer_mismatch,expanded,shell[metallised_fibre+nylon]__lining[polyester],7
R7b_hidden_layer_mismatch,expanded,shell[polyester]__upper_body_filling[down - recycled down],7
R7b_hidden_layer_mismatch,expanded,body[polyester]__petticoat[elastomultiester],6
R7b_hidden_layer_mismatch,expanded,main[elastane+nylon]__lining[cotton],6
R7b_hidden_layer_mismatch,expanded,main[polyester]__lining[cotton],6
R7b_hidden_layer_mismatch,expanded,shell[cotton+linen]__sleeve_lining[polyester],6
R7b_hidden_layer_mismatch,expanded,shell[elastane+polyester+wool]__lining[cotton],6
R7b_hidden_layer_mismatch,expanded,shell[linen+lyocell+nylon]__lining[cotton],6
R7b_hidden_layer_mismatch,expanded,main[elastane+polyester+wool]__lining[cotton],5
R7b_hidden_layer_mismatch,expanded,padding[reprocessed down+reprocessed feather]__lining[nylon],5
R7b_hidden_layer_mismatch,expanded,shell[cotton+elastane]__body_lining[polyester],5
R7b_hidden_layer_mismatch,expanded,shell[cow leather]__lining[viscose],5
R7b_hidden_layer_mismatch,expanded,shell[elastane+elastomultiester+polyester]__lining[cotton],5
R7b_hidden_layer_mismatch,expanded,shell[elastane+polyester]__lining[viscose],5
R7b_hidden_layer_mismatch,expanded,shell[elastane+polyester]__padding[reprocessed down],5
R7b_hidden_layer_mismatch,expanded,shell[elastomultiester+polyester]__filling[down],5
R7b_hidden_layer_mismatch,expanded,shell[linen]__lining[viscose],5
R7b_hidden_layer_mismatch,expanded,shell[lyocell]__lining[cotton],5
R7b_hidden_layer_mismatch,expanded,shell[nylon+wool]__lining[viscose],5
R7b_hidden_layer_mismatch,expanded,shell[polyester+unspecified_material+wool]__lining[viscose],5
R7b_hidden_layer_mismatch,expanded,shell[polyester+viscose]__lining[nylon],5
R7b_hidden_layer_mismatch,expanded,shell[polyester]__inner_layer[elastane],5
R7b_hidden_layer_mismatch,expanded,shell[polyester]__padding[reprocessed down],5
R7b_hidden_layer_mismatch,expanded,shell[silk]__lining[viscose],5
R7b_hidden_layer_mismatch,expanded,body[polyester+viscose]__lining[nylon],4
R7b_hidden_layer_mismatch,expanded,face[cotton+nylon]__filling[polyester],4
R7b_hidden_layer_mismatch,expanded,face[nylon]__body_filling[down],4
R7b_hidden_layer_mismatch,expanded,main[cotton+elastane]__lining[polyester],4
R7b_hidden_layer_mismatch,expanded,main[cotton]__lining[polyester],4
R7b_hidden_layer_mismatch,expanded,main[elastane+polyester]__lining[cotton],4
R7b_hidden_layer_mismatch,expanded,main[linen+viscose]__lining[polyester],4
R7b_hidden_layer_mismatch,expanded,shell[acetate+wool]__lining[polyester],4
R7b_hidden_layer_mismatch,expanded,shell[acrylic+elastane+nylon+viscose]__front_body_lining[polyester],4
R7b_hidden_layer_mismatch,expanded,shell[cotton+elastane+elastomultiester]__lining[polyester],4
R7b_hidden_layer_mismatch,expanded,shell[cotton+elastane]__sleeve_lining[polyester],4
R7b_hidden_layer_mismatch,expanded,shell[cotton+lyocell]__padding[polyester],4
R7b_hidden_layer_mismatch,expanded,shell[elastane+metallised_fibre+nylon]__lining[cotton],4
R7b_hidden_layer_mismatch,expanded,shell[elastane+polyester+wool]__body_lining[viscose],4
R7b_hidden_layer_mismatch,expanded,shell[elastane+viscose]__inner_layer[polyester],4
R7b_hidden_layer_mismatch,expanded,shell[elastomultiester]__body_filling[down],4
R7b_hidden_layer_mismatch,expanded,shell[goat suede]__lining[polyester],4
R7b_hidden_layer_mismatch,expanded,shell[linen+lyocell+nylon]__lining[polyester],4
R7b_hidden_layer_mismatch,expanded,shell[linen+lyocell]__lining[cotton],4
R7b_hidden_layer_mismatch,expanded,shell[linen+lyocell]__lining[polyester],4
R7b_hidden_layer_mismatch,expanded,shell[linen+lyocell]__sleeve_lining[polyester],4
R7b_hidden_layer_mismatch,expanded,shell[linen+nylon+viscose]__lining[polyester],4
R7b_hidden_layer_mismatch,expanded,shell[nylon+viscose]__sleeve_lining[polyester],4
R7b_hidden_layer_mismatch,expanded,shell[nylon]__filling[down],4
R7b_hidden_layer_mismatch,expanded,shell[nylon]__inner_layer[polyester],4
R7b_hidden_layer_mismatch,expanded,shell[polyester]__cup_lining[nylon],4
R7b_hidden_layer_mismatch,expanded,shell[sheep leather]__lining[cotton],4
R7b_hidden_layer_mismatch,expanded,shell[suede]__lining[polyester],4
R7b_hidden_layer_mismatch,expanded,body[elastane+nylon]__inner_pants[polyester],3
R7b_hidden_layer_mismatch,expanded,main[elastane+polyester+wool]__lining[acetate],3
R7b_hidden_layer_mismatch,expanded,main[leather]__lining[viscose],3
R7b_hidden_layer_mismatch,expanded,main[nylon]__padding[reprocessed down],3
R7b_hidden_layer_mismatch,expanded,main[polyester+wool]__lining[viscose],3
R7b_hidden_layer_mismatch,expanded,shell[acrylic+polyester+wool]__lining[viscose],3
R7b_hidden_layer_mismatch,expanded,shell[cotton+elastane+nylon]__cup_lining[polyester],3
R7b_hidden_layer_mismatch,expanded,shell[cotton+elastane+polyester]__lining[viscose],3
R7b_hidden_layer_mismatch,expanded,shell[cotton+elastane]__padding[polyester],3
R7b_hidden_layer_mismatch,expanded,shell[cotton+nylon]__lining[viscose],3
R7b_hidden_layer_mismatch,expanded,shell[cotton+nylon]__padding[reprocessed down],3
R7b_hidden_layer_mismatch,expanded,shell[cotton+polyester]__lining[nylon],3
R7b_hidden_layer_mismatch,expanded,shell[cotton+polyester]__sleeve_lining[viscose],3
R7b_hidden_layer_mismatch,expanded,shell[cotton]__filling[polyester],3
R7b_hidden_layer_mismatch,expanded,shell[cotton]__lining[elastane],3
R7b_hidden_layer_mismatch,expanded,shell[cow leather]__lining[polyester],3
R7b_hidden_layer_mismatch,expanded,shell[elastane+modal+nylon]__lining[cotton],3
R7b_hidden_layer_mismatch,expanded,shell[elastane+polyester+viscose]__lining[elastomultiester],3
R7b_hidden_layer_mismatch,expanded,shell[elastane+polyester+wool]__lining[acetate],3
R7b_hidden_layer_mismatch,expanded,shell[goat leather]__lining[polyester],3
R7b_hidden_layer_mismatch,expanded,shell[goat suede]__lining[viscose],3
R7b_hidden_layer_mismatch,expanded,shell[linen+lyocell+viscose]__lining[polyester],3
R7b_hidden_layer_mismatch,expanded,shell[linen+nylon+viscose]__lining[cotton],3
R7b_hidden_layer_mismatch,expanded,shell[lyocell+polyester]__lining[cotton],3
R7b_hidden_layer_mismatch,expanded,shell[lyocell]__lining[polyester],3
R7b_hidden_layer_mismatch,expanded,shell[nylon]__body_filling[down],3
R7b_hidden_layer_mismatch,expanded,shell[nylon]__lining[elastane],3
R7b_hidden_layer_mismatch,expanded,shell[polyester+wool]__body_lining[viscose],3
R7b_hidden_layer_mismatch,expanded,shell[polyester+wool]__lining[cotton],3
R7b_hidden_layer_mismatch,expanded,shell[polyester]__body_filling[down],3
R7b_hidden_layer_mismatch,expanded,shell[polyester]__body_filling[viscose],3
R7b_hidden_layer_mismatch,expanded,shell[polyurethane]__lining[polyester],3
R7b_hidden_layer_mismatch,expanded,shell[ramie]__lining[cotton],3
R7b_hidden_layer_mismatch,expanded,shell[sheep leather]__lining[polyester],3
R7b_hidden_layer_mismatch,expanded,shell[silk+viscose]__lining[polyester],3
R7b_hidden_layer_mismatch,expanded,shell[viscose]__lining[cotton],3
R7b_hidden_layer_mismatch,expanded,skirt[elastomultiester+polyester]__inner_pants[elastane],3
R7b_hidden_layer_mismatch,expanded,coating[polyurethane]__lining[cotton],2
R7b_hidden_layer_mismatch,expanded,main[cotton+elastane+linen]__lining[polyester],2
R7b_hidden_layer_mismatch,expanded,main[cotton+nylon]__lining[polyester],2
R7b_hidden_layer_mismatch,expanded,main[cotton+viscose]__lining[polyester],2
R7b_hidden_layer_mismatch,expanded,main[cotton]__padding[polyester],2
R7b_hidden_layer_mismatch,expanded,main[elastane+metallised_fibre+nylon]__lining[polyester],2
R7b_hidden_layer_mismatch,expanded,main[elastane+polyester]__lining[nylon],2
R7b_hidden_layer_mismatch,expanded,main[linen+polyester]__lining[cotton],2
R7b_hidden_layer_mismatch,expanded,main[nylon+polyester]__padding[down],2
R7b_hidden_layer_mismatch,expanded,main[nylon+viscose]__lining[cotton],2
R7b_hidden_layer_mismatch,expanded,main[nylon+wool]__body_lining[viscose],2
R7b_hidden_layer_mismatch,expanded,main[nylon+wool]__lining[acetate],2
R7b_hidden_layer_mismatch,expanded,main[polyester]__lining[elastane],2
R7b_hidden_layer_mismatch,expanded,main[polyester]__lining[viscose],2
R7b_hidden_layer_mismatch,expanded,main[viscose]__lining[polyester],2
R7b_hidden_layer_mismatch,expanded,main[wool]__lining[cotton],2
R7b_hidden_layer_mismatch,expanded,outer_layer[polyester+wool]__inner_layer[cotton],2
R7b_hidden_layer_mismatch,expanded,outer_layer[polyester]__inner_layer[nylon],2
R7b_hidden_layer_mismatch,expanded,padding[polyester]__lining[elastane],2
R7b_hidden_layer_mismatch,expanded,shell[cotton+elastane+viscose]__lining[polyester],2
R7b_hidden_layer_mismatch,expanded,shell[cotton+linen+nylon]__lining[polyester],2
R7b_hidden_layer_mismatch,expanded,shell[cotton+lyocell+nylon+viscose]__lining[polyester],2
R7b_hidden_layer_mismatch,expanded,shell[cotton+lyocell+nylon]__lining[polyester],2
R7b_hidden_layer_mismatch,expanded,shell[cotton+lyocell]__body_lining[polyester],2
R7b_hidden_layer_mismatch,expanded,shell[cotton+modal]__lining[polyester],2
R7b_hidden_layer_mismatch,expanded,shell[cotton+nylon]__sleeve_lining[polyester],2
R7b_hidden_layer_mismatch,expanded,shell[cotton+polyester]__sleeve_lining[nylon],2
R7b_hidden_layer_mismatch,expanded,shell[cotton+wool]__body_lining[polyester],2
R7b_hidden_layer_mismatch,expanded,shell[cotton+wool]__lining[viscose],2
R7b_hidden_layer_mismatch,expanded,shell[cotton]__body_lining[polyester],2
R7b_hidden_layer_mismatch,expanded,shell[elastane+lyocell+nylon+polyester+viscose]__lining[cotton],2
R7b_hidden_layer_mismatch,expanded,shell[elastane+metallised_fibre+nylon]__padding[polyester],2
R7b_hidden_layer_mismatch,expanded,shell[elastane+nylon+polyester+wool]__sleeve_lining[cotton],2
R7b_hidden_layer_mismatch,expanded,shell[elastane+nylon]__body_lining[polyester],2
R7b_hidden_layer_mismatch,expanded,shell[elastane+polyester]__padding[nylon],2
R7b_hidden_layer_mismatch,expanded,shell[elastane+viscose+wool]__lining[polyester],2
R7b_hidden_layer_mismatch,expanded,shell[lamb leather]__lining[cotton],2
R7b_hidden_layer_mismatch,expanded,shell[linen+lyocell]__lining[viscose],2
R7b_hidden_layer_mismatch,expanded,shell[linen+polyester+viscose]__lining[cotton],2
R7b_hidden_layer_mismatch,expanded,shell[linen+wool]__lining[polyester],2
R7b_hidden_layer_mismatch,expanded,shell[linen+wool]__lining[viscose],2
R7b_hidden_layer_mismatch,expanded,shell[lyocell+polyester]__lining[viscose],2
R7b_hidden_layer_mismatch,expanded,shell[nylon]__body_lining[polyester],2
R7b_hidden_layer_mismatch,expanded,shell[nylon]__lining[viscose],2
R7b_hidden_layer_mismatch,expanded,shell[nylon]__padding[down],2
R7b_hidden_layer_mismatch,expanded,shell[polyester+viscose]__lining[elastane],2
R7b_hidden_layer_mismatch,expanded,shell[polyester+wool]__lining[acetate],2
R7b_hidden_layer_mismatch,expanded,shell[polyester]__body_lining[cotton],2
R7b_hidden_layer_mismatch,expanded,shell[polyester]__inner_layer[nylon],2
R7b_hidden_layer_mismatch,expanded,shell[polyester]__inner_layer[viscose],2
R7b_hidden_layer_mismatch,expanded,shell[suede]__lining[viscose],2
R7b_hidden_layer_mismatch,expanded,shell[viscose+wool]__lining[polyester],2
R7b_hidden_layer_mismatch,expanded,upper[cotton]__inner_layer[polyester],2
R7b_hidden_layer_mismatch,expanded,base_fabric[elastane+polyester+viscose]__lining[cotton],1
R7b_hidden_layer_mismatch,expanded,coating[polyester]__lining[viscose],1
R7b_hidden_layer_mismatch,expanded,face[elastane+nylon]__padding[polyester],1
R7b_hidden_layer_mismatch,expanded,face[polyester]__padding[reprocessed down],1
R7b_hidden_layer_mismatch,expanded,main[acetate]__padding[polyester],1
R7b_hidden_layer_mismatch,expanded,main[acrylic+nylon+wool]__lining[acetate],1
R7b_hidden_layer_mismatch,expanded,main[cotton+elastane+nylon]__padding[reprocessed down],1
R7b_hidden_layer_mismatch,expanded,main[cotton+elastane+viscose]__cup_lining[nylon],1
R7b_hidden_layer_mismatch,expanded,main[cotton+elastane]__cup_lining[polyester],1
R7b_hidden_layer_mismatch,expanded,main[cotton+elastane]__lining[viscose],1
R7b_hidden_layer_mismatch,expanded,main[cotton+elastane]__padding[polyester],1
R7b_hidden_layer_mismatch,expanded,main[cotton+metallised_fibre+nylon]__lining[polyester],1
R7b_hidden_layer_mismatch,expanded,main[cotton]__inner_layer[polyester],1
R7b_hidden_layer_mismatch,expanded,main[cotton]__lining[viscose],1
R7b_hidden_layer_mismatch,expanded,main[elastane+nylon+polyester]__inner_layer[rubber],1
R7b_hidden_layer_mismatch,expanded,main[nylon+wool]__inner_layer[viscose],1
R7b_hidden_layer_mismatch,expanded,main[nylon]__lining[viscose],1
R7b_hidden_layer_mismatch,expanded,main[polyester]__padding[reprocessed down],1
R7b_hidden_layer_mismatch,expanded,main[viscose]__lining[lyocell],1
R7b_hidden_layer_mismatch,expanded,main[wool]__lining[acetate],1
R7b_hidden_layer_mismatch,expanded,outer_layer[nylon]__padding[down],1
R7b_hidden_layer_mismatch,expanded,shell[acetate+cotton+metallised_fibre]__lining[polyester],1
R7b_hidden_layer_mismatch,expanded,shell[acetate]__lining[cotton],1
R7b_hidden_layer_mismatch,expanded,shell[acrylic+cotton+nylon+polyester+wool]__lining[viscose],1
R7b_hidden_layer_mismatch,expanded,shell[acrylic+modacrylic+polyester]__lining[viscose],1
R7b_hidden_layer_mismatch,expanded,shell[acrylic+nylon+polyester+wool]__lining[viscose],1
R7b_hidden_layer_mismatch,expanded,shell[cotton+elastane+linen]__lining[acetate],1
R7b_hidden_layer_mismatch,expanded,shell[cotton+elastane+lyocell+viscose]__lining[polyester],1
R7b_hidden_layer_mismatch,expanded,shell[cotton+elastane+lyocell+wool]__padding[polyester],1
R7b_hidden_layer_mismatch,expanded,shell[cotton+elastane]__cup_lining[nylon],1
R7b_hidden_layer_mismatch,expanded,shell[cotton+elastane]__lining[nylon],1
R7b_hidden_layer_mismatch,expanded,shell[cotton+elastane]__padding[polyurethane],1
R7b_hidden_layer_mismatch,expanded,shell[cotton+elastomultiester]__lining[polyester],1
R7b_hidden_layer_mismatch,expanded,shell[cotton+linen+ramie]__lining[polyester],1
R7b_hidden_layer_mismatch,expanded,shell[cotton+linen]__lining[viscose],1
R7b_hidden_layer_mismatch,expanded,shell[cotton+linen]__padding[polyester],1
R7b_hidden_layer_mismatch,expanded,shell[cotton+metallised_fibre+nylon]__lining[polyester],1
R7b_hidden_layer_mismatch,expanded,shell[cotton+metallised_fibre+polyester]__lining[viscose],1
R7b_hidden_layer_mismatch,expanded,shell[cotton+nylon+unspecified_material+wool]__lining[viscose],1
R7b_hidden_layer_mismatch,expanded,shell[cotton+nylon]__body_lining[lyocell],1
R7b_hidden_layer_mismatch,expanded,shell[cotton+polyester]__lining[elastane],1
R7b_hidden_layer_mismatch,expanded,shell[cotton+polyester]__lining[rubber],1
R7b_hidden_layer_mismatch,expanded,shell[cotton+wool]__lining[polyester],1
R7b_hidden_layer_mismatch,expanded,shell[cotton]__body_lining[nylon],1
R7b_hidden_layer_mismatch,expanded,shell[cotton]__hood_lining[polyester],1
R7b_hidden_layer_mismatch,expanded,shell[cotton]__inner_layer[viscose],1
R7b_hidden_layer_mismatch,expanded,shell[cotton]__lining[wool],1
R7b_hidden_layer_mismatch,expanded,shell[cupro+lyocell+nylon]__lining[viscose],1
R7b_hidden_layer_mismatch,expanded,shell[elastane+linen+viscose]__lining[acetate],1
R7b_hidden_layer_mismatch,expanded,shell[elastane+metallised_fibre+nylon]__cup_lining[polyester],1
R7b_hidden_layer_mismatch,expanded,shell[elastane+nylon+polyester]__padding[reprocessed down],1
R7b_hidden_layer_mismatch,expanded,shell[elastane+nylon+viscose]__lining[cotton],1
R7b_hidden_layer_mismatch,expanded,shell[elastane+nylon]__cup_lining[polyester resin],1
R7b_hidden_layer_mismatch,expanded,shell[elastane+nylon]__padding[polyurethane],1
R7b_hidden_layer_mismatch,expanded,shell[elastane+polyester+viscose]__hood_lining[cotton],1
R7b_hidden_layer_mismatch,expanded,shell[elastane+polyester+viscose]__lining[nylon],1
R7b_hidden_layer_mismatch,expanded,shell[elastane+polyester]__cup_lining[cotton],1
R7b_hidden_layer_mismatch,expanded,shell[elastane+polyester]__inner_layer[nylon],1
R7b_hidden_layer_mismatch,expanded,shell[elastane+viscose]__lining[polyester],1
R7b_hidden_layer_mismatch,expanded,shell[elastane+wool]__lining[viscose],1
R7b_hidden_layer_mismatch,expanded,shell[lamb leather]__lining[polyester],1
R7b_hidden_layer_mismatch,expanded,shell[linen+lyocell+polyester]__inner_layer[viscose],1
R7b_hidden_layer_mismatch,expanded,shell[linen+lyocell]__body_lining[polyester],1
R7b_hidden_layer_mismatch,expanded,shell[linen+polyester+wool]__lining[cotton],1
R7b_hidden_layer_mismatch,expanded,shell[linen+polyester+wool]__lining[viscose],1
R7b_hidden_layer_mismatch,expanded,shell[linen+wool]__lining[polypropylene],1
R7b_hidden_layer_mismatch,expanded,shell[linen+wool]__sleeve_lining[viscose],1
R7b_hidden_layer_mismatch,expanded,shell[linen]__body_lining[cotton],1
R7b_hidden_layer_mismatch,expanded,shell[lyocell+nylon]__lining[viscose],1
R7b_hidden_layer_mismatch,expanded,shell[lyocell+nylon]__padding[polyester],1
R7b_hidden_layer_mismatch,expanded,shell[lyocell+ramie]__lining[cotton],1
R7b_hidden_layer_mismatch,expanded,shell[metallised_fibre+polyester]__lining[elastane],1
R7b_hidden_layer_mismatch,expanded,shell[modacrylic+polyester]__lining[cotton],1
R7b_hidden_layer_mismatch,expanded,shell[modal+nylon]__lining[polyester],1
R7b_hidden_layer_mismatch,expanded,shell[nylon+polyester]__padding[down],1
R7b_hidden_layer_mismatch,expanded,shell[nylon+polyester]__padding[reprocessed down],1
R7b_hidden_layer_mismatch,expanded,shell[nylon+polypropylene+wool]__lining[viscose],1
R7b_hidden_layer_mismatch,expanded,shell[nylon+unspecified_material+wool]__lining[cotton],1
R7b_hidden_layer_mismatch,expanded,shell[nylon+unspecified_material+wool]__padding[polyester],1
R7b_hidden_layer_mismatch,expanded,shell[nylon+wool]__padding[polyester],1
R7b_hidden_layer_mismatch,expanded,shell[nylon]__inner_layer[elastane],1
R7b_hidden_layer_mismatch,expanded,shell[nylon]__skirt_lining[polyester],1
R7b_hidden_layer_mismatch,expanded,shell[polyester+unspecified_material+wool]__body_lining[viscose],1
R7b_hidden_layer_mismatch,expanded,shell[polyester+wool]__lining[lyocell],1
R7b_hidden_layer_mismatch,expanded,shell[polyester]__lining[metallised_fibre],1
R7b_hidden_layer_mismatch,expanded,shell[polyester]__padding[acrylic],1
R7b_hidden_layer_mismatch,expanded,shell[polyester]__padding[down],1
R7b_hidden_layer_mismatch,expanded,shell[polyurethane]__lining[paper],1
R7b_hidden_layer_mismatch,expanded,shell[viscose]__inner_layer[polyester],1
R7b_hidden_layer_mismatch,expanded,shell[viscose]__lining[lyocell],1
R7b_hidden_layer_mismatch,expanded,shell[wool]__lining[acetate],1
R7b_hidden_layer_mismatch,expanded,shell[wool]__lining[cotton],1
R7b_hidden_layer_mismatch,expanded,shell[wool]__padding[polyester],1
R8_presence,conservative,pocket_lining,4258
R8_presence,conservative,top_panel,219
R8_presence,conservative,mesh,185
R8_presence,conservative,bottom_panel,118
R8_presence,conservative,front_panel,102
R8_presence,conservative,pocket_fabric,65
R8_presence,conservative,back_panel,46
R8_presence,conservative,wing,45
R8_presence,conservative,pocket lining,33
R8_presence,conservative,woven_part,22
R8_presence,conservative,inside_panel,9
R8_presence,conservative,side_panel,8
R8_presence,conservative,chest_pocket_fabric,7
R8_presence,conservative,knit_part,5
R8_presence,conservative,contrast-fabric,2
R8_presence,default,pocket_lining,4258
R8_presence,default,top_panel,219
R8_presence,default,mesh,185
R8_presence,default,bottom_panel,118
R8_presence,default,front_panel,102
R8_presence,default,pocket_fabric,65
R8_presence,default,back_panel,46
R8_presence,default,wing,45
R8_presence,default,pocket lining,33
R8_presence,default,woven_part,22
R8_presence,default,inside_panel,9
R8_presence,default,side_panel,8
R8_presence,default,chest_pocket_fabric,7
R8_presence,default,knit_part,5
R8_presence,default,contrast-fabric,2
R8_presence,expanded,pocket_lining,4258
R8_presence,expanded,yoke,366
R8_presence,expanded,top_panel,219
R8_presence,expanded,mesh,185
R8_presence,expanded,bottom_panel,118
R8_presence,expanded,front_panel,102
R8_presence,expanded,pocket_fabric,65
R8_presence,expanded,back_panel,46
R8_presence,expanded,wing,45
R8_presence,expanded,insert,36
R8_presence,expanded,pocket lining,33
R8_presence,expanded,woven_part,22
R8_presence,expanded,inset,9
R8_presence,expanded,inside_panel,9
R8_presence,expanded,side_panel,8
R8_presence,expanded,chest_pocket_fabric,7
R8_presence,expanded,knit_part,5
R8_presence,expanded,contrast-fabric,2
R8b_secondary_material_difference,conservative,shell[cotton]__pocket_lining[polyester],983
R8b_secondary_material_difference,conservative,body[cotton]__pocket_lining[polyester],473
R8b_secondary_material_difference,conservative,shell[viscose]__pocket_lining[polyester],214
R8b_secondary_material_difference,conservative,shell[nylon]__pocket_lining[polyester],90
R8b_secondary_material_difference,conservative,body[elastomultiester]__pocket_lining[polyester],69
R8b_secondary_material_difference,conservative,body[viscose]__pocket_lining[polyester],65
R8b_secondary_material_difference,conservative,body[nylon]__pocket_lining[polyester],63
R8b_secondary_material_difference,conservative,body[polyester]__pocket_lining[cotton],58
R8b_secondary_material_difference,conservative,shell[linen]__pocket_lining[polyester],58
R8b_secondary_material_difference,conservative,shell[polyester]__mesh[nylon],56
R8b_secondary_material_difference,conservative,shell[polyester]__pocket_lining[cotton],54
R8b_secondary_material_difference,conservative,face[nylon]__pocket_lining[polyester],53
R8b_secondary_material_difference,conservative,shell[linen]__pocket_lining[cotton],47
R8b_secondary_material_difference,conservative,lining[polyester]__top_panel[cotton],28
R8b_secondary_material_difference,conservative,body[nylon]__mesh[polyester],27
R8b_secondary_material_difference,conservative,shell[cotton]__bottom_panel[polyester],27
R8b_secondary_material_difference,conservative,shell[wool]__pocket_lining[polyester],23
R8b_secondary_material_difference,conservative,top_panel[cotton]__bottom_panel[polyester],21
R8b_secondary_material_difference,conservative,main[cotton]__pocket_lining[polyester],19
R8b_secondary_material_difference,conservative,lining[cotton]__bottom_panel[polyester],18
R8b_secondary_material_difference,conservative,shell[polyester]__pocket_lining[nylon],17
R8b_secondary_material_difference,conservative,shell[viscose]__pocket_lining[cotton],17
R8b_secondary_material_difference,conservative,shell[lyocell]__pocket_lining[polyester],16
R8b_secondary_material_difference,conservative,body[linen]__pocket_lining[polyester],15
R8b_secondary_material_difference,conservative,coating[polyurethane]__pocket_lining[polyester],14
R8b_secondary_material_difference,conservative,shell[cotton]__mesh[nylon],13
R8b_secondary_material_difference,conservative,shell[lyocell]__pocket_lining[cotton],13
R8b_secondary_material_difference,conservative,face[polyester]__back_panel[tpu],12
R8b_secondary_material_difference,conservative,shell[nylon]__pocket_fabric[polyester],12
R8b_secondary_material_difference,conservative,shell[cotton]__mesh[polyester],10
R8b_secondary_material_difference,conservative,shell[modal]__pocket_lining[polyester],10
R8b_secondary_material_difference,conservative,shell[wool]__pocket_lining[cotton],10
R8b_secondary_material_difference,conservative,main[linen]__pocket_lining[polyester],9
R8b_secondary_material_difference,conservative,shell[cotton]__wing[nylon],9
R8b_secondary_material_difference,conservative,main[polyester]__pocket_lining[cotton],8
R8b_secondary_material_difference,conservative,main[viscose]__pocket_lining[polyester],8
R8b_secondary_material_difference,conservative,shell[cotton]__pocket_fabric[polyester],8
R8b_secondary_material_difference,conservative,shell[polyester]__bottom_panel[nylon],8
R8b_secondary_material_difference,conservative,body[cotton]__back_panel[polyester],6
R8b_secondary_material_difference,conservative,face[nylon]__back_panel[polyester],6
R8b_secondary_material_difference,conservative,shell[nylon]__pocket_lining[cotton],6
R8b_secondary_material_difference,conservative,shell[polyester]__front_panel[nylon],6
R8b_secondary_material_difference,conservative,shell[sheep leather]__pocket_lining[polyester],6
R8b_secondary_material_difference,conservative,body[cotton]__pocket_fabric[polyester],5
R8b_secondary_material_difference,conservative,body[lyocell]__pocket_lining[polyester],5
R8b_secondary_material_difference,conservative,body[nylon]__pocket_lining[cotton],5
R8b_secondary_material_difference,conservative,body[polyester]__pocket_lining[acrylic],5
R8b_secondary_material_difference,conservative,main[linen]__pocket_lining[cotton],5
R8b_secondary_material_difference,conservative,padding[reprocessed down]__front_panel[polyester],5
R8b_secondary_material_difference,conservative,shell[lamb leather]__pocket_lining[viscose],5
R8b_secondary_material_difference,conservative,shell[nylon]__front_panel[polyester],5
R8b_secondary_material_difference,conservative,body[cotton]__mesh[polyester],4
R8b_secondary_material_difference,conservative,body[elastomultiester]__pocket_fabric[polyester],4
R8b_secondary_material_difference,conservative,body[linen]__pocket_lining[cotton],4
R8b_secondary_material_difference,conservative,face[cotton]__back_panel[polyester],4
R8b_secondary_material_difference,conservative,face[elastomultiester]__back_panel[polyester],4
R8b_secondary_material_difference,conservative,mesh[polyester]__back_panel[nylon],4
R8b_secondary_material_difference,conservative,shell[elastomultiester]__pocket_lining[polyester],4
R8b_secondary_material_difference,conservative,shell[polyester]__bottom_panel[viscose],4
R8b_secondary_material_difference,conservative,shell[polyester]__mesh[elastane],4
R8b_secondary_material_difference,conservative,shell[polyester]__pocket_fabric[nylon],4
R8b_secondary_material_difference,conservative,shell[viscose]__back_panel[polyester],4
R8b_secondary_material_difference,conservative,storage_bag[nylon]__pocket_lining[polyester],4
R8b_secondary_material_difference,conservative,top_panel[polyester]__bottom_panel[cotton],4
R8b_secondary_material_difference,conservative,body[cotton]__pocket_lining[acrylic],3
R8b_secondary_material_difference,conservative,body[linen]__pocket_fabric[polyester],3
R8b_secondary_material_difference,conservative,body[polyester]__chest_pocket_fabric[elastomultiester],3
R8b_secondary_material_difference,conservative,body[viscose]__pocket_fabric[polyester],3
R8b_secondary_material_difference,conservative,face[polyester]__knit_part[elastomultiester],3
R8b_secondary_material_difference,conservative,front_panel[polyester]__bottom_panel[nylon],3
R8b_secondary_material_difference,conservative,main[linen]__pocket_lining[viscose],3
R8b_secondary_material_difference,conservative,shell[cotton]__front_panel[nylon],3
R8b_secondary_material_difference,conservative,shell[cotton]__pocket_fabric[nylon],3
R8b_secondary_material_difference,conservative,shell[linen]__pocket_lining[viscose],3
R8b_secondary_material_difference,conservative,shell[polyester]__wing[nylon],3
R8b_secondary_material_difference,conservative,shell[wool]__pocket_lining[viscose],3
R8b_secondary_material_difference,conservative,body[nylon]__pocket_fabric[polyester],2
R8b_secondary_material_difference,conservative,bottom_panel[nylon]__top_panel[cotton],2
R8b_secondary_material_difference,conservative,coating[polyurethane]__inside_panel[acrylic],2
R8b_secondary_material_difference,conservative,face[acrylic]__back_panel[polyester],2
R8b_secondary_material_difference,conservative,front_panel[polyester]__side_panel[nylon],2
R8b_secondary_material_difference,conservative,knit_part[wool]__woven_part[cotton],2
R8b_secondary_material_difference,conservative,lining[cotton]__woven_part[nylon],2
R8b_secondary_material_difference,conservative,main[wool]__pocket_lining[cotton],2
R8b_secondary_material_difference,conservative,outer_layer[polyester]__inside_panel[tpu],2
R8b_secondary_material_difference,conservative,shell[cotton]__bottom_panel[viscose],2
R8b_secondary_material_difference,conservative,shell[cotton]__front_panel[polyester],2
R8b_secondary_material_difference,conservative,shell[cotton]__wing[polyester],2
R8b_secondary_material_difference,conservative,shell[nylon]__bottom_panel[polyester],2
R8b_secondary_material_difference,conservative,shell[nylon]__front_panel[cotton],2
R8b_secondary_material_difference,conservative,shell[nylon]__mesh[polyester],2
R8b_secondary_material_difference,conservative,shell[polyester]__bottom_panel[cotton],2
R8b_secondary_material_difference,conservative,shell[polyester]__front_panel[elastane],2
R8b_secondary_material_difference,conservative,shell[polyester]__inside_panel[acrylic],2
R8b_secondary_material_difference,conservative,shell[polyester]__pocket_fabric[cotton],2
R8b_secondary_material_difference,conservative,shell[polyester]__top_panel[cotton],2
R8b_secondary_material_difference,conservative,shell[polyester]__top_panel[nylon],2
R8b_secondary_material_difference,conservative,shell[sheep leather]__pocket_lining[viscose],2
R8b_secondary_material_difference,conservative,shell[viscose]__bottom_panel[cotton],2
R8b_secondary_material_difference,conservative,shell[viscose]__mesh[nylon],2
R8b_secondary_material_difference,conservative,top_panel[polyester]__mesh[nylon],2
R8b_secondary_material_difference,conservative,upper_part[polyester]__bottom_panel[nylon],2
R8b_secondary_material_difference,conservative,base_fabric[viscose]__mesh[nylon],1
R8b_secondary_material_difference,conservative,bottom_panel[cotton]__top_panel[polyester],1
R8b_secondary_material_difference,conservative,front_panel[cotton]__back_panel[polyester],1
R8b_secondary_material_difference,conservative,knit_part[cotton]__woven_part[nylon],1
R8b_secondary_material_difference,conservative,knit_part[nylon]__woven_part[polyester],1
R8b_secondary_material_difference,conservative,lining[polyester]__bottom_panel[cotton],1
R8b_secondary_material_difference,conservative,main[acetate]__bottom_panel[nylon],1
R8b_secondary_material_difference,conservative,main[cotton]__back_panel[polyester],1
R8b_secondary_material_difference,conservative,main[cotton]__bottom_panel[polyester],1
R8b_secondary_material_difference,conservative,main[cotton]__front_panel[polyester],1
R8b_secondary_material_difference,conservative,main[cotton]__wing[polyester],1
R8b_secondary_material_difference,conservative,main[nylon]__front_panel[rubber],1
R8b_secondary_material_difference,conservative,main[nylon]__pocket_lining[polyester],1
R8b_secondary_material_difference,conservative,main[polyester]__top_panel[cotton],1
R8b_secondary_material_difference,conservative,main[wool]__bottom_panel[viscose],1
R8b_secondary_material_difference,conservative,main[wool]__front_panel[viscose],1
R8b_secondary_material_difference,conservative,padding[polyester]__front_panel[nylon],1
R8b_secondary_material_difference,conservative,padding[polystyrene foam]__bottom_panel[nylon],1
R8b_secondary_material_difference,conservative,shell[acrylic]__bottom_panel[polyester],1
R8b_secondary_material_difference,conservative,shell[cotton]__back_panel[polyester],1
R8b_secondary_material_difference,conservative,shell[cotton]__bottom_panel[rubber],1
R8b_secondary_material_difference,conservative,shell[cotton]__pocket_lining[polyester resin],1
R8b_secondary_material_difference,conservative,shell[cotton]__pocket_lining[viscose],1
R8b_secondary_material_difference,conservative,shell[cotton]__woven_part[nylon],1
R8b_secondary_material_difference,conservative,shell[elastane]__wing[nylon],1
R8b_secondary_material_difference,conservative,shell[linen]__pocket_lining[lyocell],1
R8b_secondary_material_difference,conservative,shell[lyocell]__back_panel[polyester],1
R8b_secondary_material_difference,conservative,shell[lyocell]__bottom_panel[polyester],1
R8b_secondary_material_difference,conservative,shell[modacrylic]__pocket_lining[polyester],1
R8b_secondary_material_difference,conservative,shell[nylon]__inside_panel[polyester],1
R8b_secondary_material_difference,conservative,shell[nylon]__wing[polyester],1
R8b_secondary_material_difference,conservative,shell[polyester]__back_panel[nylon],1
R8b_secondary_material_difference,conservative,shell[viscose]__bottom_panel[nylon],1
R8b_secondary_material_difference,conservative,shell[viscose]__bottom_panel[polyester],1
R8b_secondary_material_difference,conservative,shell[wool]__bottom_panel[acrylic],1
R8b_secondary_material_difference,conservative,top_panel[lyocell]__bottom_panel[viscose],1
R8b_secondary_material_difference,conservative,upper_part[cotton]__bottom_panel[nylon],1
R8b_secondary_material_difference,conservative,upper_part[sheep leather]__bottom_panel[goat suede],1
R8b_secondary_material_difference,conservative,woven_part[nylon]__knit_part[cotton],1
R8b_secondary_material_difference,default,shell[cotton]__pocket_lining[polyester],555
R8b_secondary_material_difference,default,shell[cotton+elastane]__pocket_lining[polyester],169
R8b_secondary_material_difference,default,body[cotton+elastane]__pocket_lining[polyester],146
R8b_secondary_material_difference,default,body[cotton]__pocket_lining[polyester],123
R8b_secondary_material_difference,default,shell[linen+viscose]__pocket_lining[polyester],121
R8b_secondary_material_difference,default,shell[elastane+polyester+viscose]__pocket_lining[cotton],115
R8b_secondary_material_difference,default,body[cotton+linen]__pocket_lining[polyester],88
R8b_secondary_material_difference,default,shell[cotton+linen]__pocket_lining[polyester],61
R8b_secondary_material_difference,default,shell[nylon]__pocket_lining[polyester],61
R8b_secondary_material_difference,default,shell[cotton+lyocell]__pocket_lining[polyester],59
R8b_secondary_material_difference,default,face[nylon]__pocket_lining[polyester],53
R8b_secondary_material_difference,default,shell[elastane+polyester]__mesh[nylon],53
R8b_secondary_material_difference,default,body[cotton+linen+viscose]__pocket_lining[polyester],49
R8b_secondary_material_difference,default,body[elastane+nylon]__pocket_lining[polyester],45
R8b_secondary_material_difference,default,shell[cotton+elastane+elastomultiester]__pocket_lining[polyester],45
R8b_secondary_material_difference,default,shell[cotton+linen+viscose]__pocket_lining[polyester],45
R8b_secondary_material_difference,default,shell[elastane+nylon]__pocket_lining[polyester],29
R8b_secondary_material_difference,default,lining[polyester]__top_panel[cotton],28
R8b_secondary_material_difference,default,body[cotton+elastane+linen]__pocket_lining[polyester],26
R8b_secondary_material_difference,default,body[elastane+polyester+viscose]__pocket_lining[elastomultiester],24
R8b_secondary_material_difference,default,shell[cotton+elastane]__bottom_panel[polyester],23
R8b_secondary_material_difference,default,shell[nylon+viscose]__pocket_lining[polyester],23
R8b_secondary_material_difference,default,body[elastane+polyester+viscose]__pocket_lining[cotton],20
R8b_secondary_material_difference,default,shell[linen]__pocket_lining[polyester],20
R8b_secondary_material_difference,default,body[cotton+nylon]__pocket_lining[polyester],19
R8b_secondary_material_difference,default,body[elastane+nylon]__mesh[polyester],19
R8b_secondary_material_difference,default,shell[cotton+nylon]__pocket_lining[polyester],19
R8b_secondary_material_difference,default,body[nylon]__pocket_lining[polyester],18
R8b_secondary_material_difference,default,shell[polyester+viscose]__pocket_lining[cotton],18
R8b_secondary_material_difference,default,main[cotton]__pocket_lining[polyester],16
R8b_secondary_material_difference,default,body[cotton+elastane+nylon]__pocket_lining[polyester],15
R8b_secondary_material_difference,default,shell[elastane+polyester+wool]__pocket_lining[cotton],15
R8b_secondary_material_difference,default,shell[polyester]__pocket_lining[elastane],15
R8b_secondary_material_difference,default,body[cotton+elastane+elastomultiester]__pocket_lining[polyester],14
R8b_secondary_material_difference,default,coating[polyurethane]__pocket_lining[polyester],14
R8b_secondary_material_difference,default,shell[linen+viscose]__pocket_lining[cotton],14
R8b_secondary_material_difference,default,shell[polyester]__pocket_lining[cotton],14
R8b_secondary_material_difference,default,top_panel[cotton]__bottom_panel[polyester],14
R8b_secondary_material_difference,default,lining[cotton]__top_panel[polyester],13
R8b_secondary_material_difference,default,lining[polyester]__top_panel[viscose],13
R8b_secondary_material_difference,default,shell[elastane+polyester]__pocket_lining[cotton],13
R8b_secondary_material_difference,default,body[cotton+polyester+viscose]__pocket_lining[elastomultiester],12
R8b_secondary_material_difference,default,face[polyester]__back_panel[tpu],12
R8b_secondary_material_difference,default,shell[nylon]__pocket_fabric[polyester],12
R8b_secondary_material_difference,default,body[cotton+lyocell]__pocket_lining[polyester],11
R8b_secondary_material_difference,default,shell[elastane+polyester+viscose+wool]__pocket_lining[cotton],11
R8b_secondary_material_difference,default,shell[linen]__pocket_lining[cotton],11
R8b_secondary_material_difference,default,body[polyester+viscose]__pocket_lining[cotton],10
R8b_secondary_material_difference,default,shell[cotton+elastane]__mesh[nylon],10
R8b_secondary_material_difference,default,shell[polyester]__pocket_lining[nylon],10
R8b_secondary_material_difference,default,body[linen+nylon+viscose]__pocket_lining[polyester],9
R8b_secondary_material_difference,default,main[cotton+linen]__pocket_lining[polyester],9
R8b_secondary_material_difference,default,shell[cotton+viscose]__pocket_lining[polyester],9
R8b_secondary_material_difference,default,body[nylon]__mesh[polyester],8
R8b_secondary_material_difference,default,shell[cotton+elastane]__wing[nylon],8
R8b_secondary_material_difference,default,shell[linen+lyocell]__pocket_lining[polyester],8
R8b_secondary_material_difference,default,body[linen+polyester+viscose]__pocket_lining[cotton],7
R8b_secondary_material_difference,default,body[linen]__pocket_lining[polyester],7
R8b_secondary_material_difference,default,shell[polyester+wool]__pocket_lining[cotton],7
R8b_secondary_material_difference,default,top_panel[cotton+elastane]__bottom_panel[polyester],7
R8b_secondary_material_difference,default,body[cotton+viscose]__pocket_lining[polyester],6
R8b_secondary_material_difference,default,body[polyester]__pocket_lining[cotton],6
R8b_secondary_material_difference,default,shell[elastane+polyester+wool]__pocket_lining[viscose],6
R8b_secondary_material_difference,default,shell[elastane+polyester]__bottom_panel[nylon],6
R8b_secondary_material_difference,default,shell[polyester+unspecified_material+wool]__pocket_lining[cotton],6
R8b_secondary_material_difference,default,shell[sheep leather]__pocket_lining[polyester],6
R8b_secondary_material_difference,default,body[cotton+elastane+viscose]__pocket_lining[polyester],5
R8b_secondary_material_difference,default,lining[cotton]__bottom_panel[polyester],5
R8b_secondary_material_difference,default,main[elastane+polyester+viscose]__pocket_lining[cotton],5
R8b_secondary_material_difference,default,padding[reprocessed down+reprocessed feather]__front_panel[polyester],5
R8b_secondary_material_difference,default,shell[cotton]__mesh[polyester],5
R8b_secondary_material_difference,default,shell[lamb leather]__pocket_lining[viscose],5
R8b_secondary_material_difference,default,shell[nylon]__pocket_lining[cotton],5
R8b_secondary_material_difference,default,body[cotton+elastane+elastomultiester]__pocket_fabric[polyester],4
R8b_secondary_material_difference,default,body[cotton+linen]__pocket_fabric[polyester],4
R8b_secondary_material_difference,default,body[linen]__pocket_lining[cotton],4
R8b_secondary_material_difference,default,face[cotton+nylon]__back_panel[polyester],4
R8b_secondary_material_difference,default,face[elastomultiester]__back_panel[polyester],4
R8b_secondary_material_difference,default,face[nylon]__back_panel[polyester],4
R8b_secondary_material_difference,default,main[elastane+polyester+viscose+wool]__pocket_lining[cotton],4
R8b_secondary_material_difference,default,mesh[polyester]__back_panel[nylon],4
R8b_secondary_material_difference,default,padding[polyester]__knit_part[elastane],4
R8b_secondary_material_difference,default,shell[cotton+elastane]__mesh[polyester],4
R8b_secondary_material_difference,default,shell[cotton+nylon]__pocket_fabric[polyester],4
R8b_secondary_material_difference,default,shell[elastane+nylon]__front_panel[polyester],4
R8b_secondary_material_difference,default,shell[elastane+polyester+viscose]__front_panel[nylon],4
R8b_secondary_material_difference,default,shell[elastane+polyester]__pocket_lining[nylon],4
R8b_secondary_material_difference,default,shell[elastomultiester]__pocket_lining[polyester],4
R8b_secondary_material_difference,default,shell[lyocell+nylon]__pocket_lining[polyester],4
R8b_secondary_material_difference,default,shell[nylon+viscose]__back_panel[polyester],4
R8b_secondary_material_difference,default,shell[nylon+viscose]__pocket_lining[cotton],4
R8b_secondary_material_difference,default,shell[polyester]__mesh[elastane],4
R8b_secondary_material_difference,default,shell[polyester]__pocket_fabric[nylon],4
R8b_secondary_material_difference,default,storage_bag[nylon]__pocket_lining[polyester],4
R8b_secondary_material_difference,default,body[cotton+unspecified_material]__pocket_lining[polyester],3
R8b_secondary_material_difference,default,body[cotton+viscose]__mesh[polyester],3
R8b_secondary_material_difference,default,body[linen+lyocell]__pocket_lining[polyester],3
R8b_secondary_material_difference,default,body[linen]__pocket_fabric[polyester],3
R8b_secondary_material_difference,default,body[nylon+viscose]__pocket_fabric[polyester],3
R8b_secondary_material_difference,default,body[polyester]__chest_pocket_fabric[elastomultiester],3
R8b_secondary_material_difference,default,face[polyester]__knit_part[elastomultiester],3
R8b_secondary_material_difference,default,front_panel[elastane+polyester]__bottom_panel[nylon],3
R8b_secondary_material_difference,default,main[elastane+polyester]__pocket_lining[cotton],3
R8b_secondary_material_difference,default,main[linen]__pocket_lining[cotton],3
R8b_secondary_material_difference,default,main[linen]__pocket_lining[viscose],3
R8b_secondary_material_difference,default,shell[cotton+elastane]__pocket_fabric[polyester],3
R8b_secondary_material_difference,default,shell[cotton+linen+lyocell]__pocket_lining[polyester],3
R8b_secondary_material_difference,default,shell[cotton+polyester]__pocket_lining[nylon],3
R8b_secondary_material_difference,default,shell[cotton]__pocket_fabric[nylon],3
R8b_secondary_material_difference,default,shell[elastane+polyester+viscose]__pocket_lining[elastomultiester],3
R8b_secondary_material_difference,default,shell[lyocell+nylon]__pocket_lining[cotton],3
R8b_secondary_material_difference,default,shell[polyester]__bottom_panel[viscose],3
R8b_secondary_material_difference,default,shell[polyester]__chest_pocket_fabric[cotton],3
R8b_secondary_material_difference,default,shell[polyester]__front_panel[elastane],3
R8b_secondary_material_difference,default,shell[polyester]__mesh[nylon],3
R8b_secondary_material_difference,default,shell[viscose]__pocket_lining[polyester],3
R8b_secondary_material_difference,default,top_panel[polyester]__bottom_panel[cotton],3
R8b_secondary_material_difference,default,top_panel[polyester]__bottom_panel[elastane],3
R8b_secondary_material_difference,default,body[lyocell+nylon]__pocket_lining[polyester],2
R8b_secondary_material_difference,default,body[nylon]__pocket_fabric[polyester],2
R8b_secondary_material_difference,default,bottom_panel[nylon]__top_panel[cotton],2
R8b_secondary_material_difference,default,coating[polyurethane]__inside_panel[acrylic],2
R8b_secondary_material_difference,default,face[elastane+nylon]__back_panel[polyester],2
R8b_secondary_material_difference,default,front_panel[elastane+polyester]__side_panel[nylon],2
R8b_secondary_material_difference,default,knit_part[polyester]__woven_part[nylon],2
R8b_secondary_material_difference,default,knit_part[wool]__woven_part[cotton],2
R8b_secondary_material_difference,default,lining[cotton]__woven_part[nylon],2
R8b_secondary_material_difference,default,main[nylon+viscose]__pocket_lining[polyester],2
R8b_secondary_material_difference,default,main[nylon+wool]__pocket_lining[cotton],2
R8b_secondary_material_difference,default,main[polyester+viscose+wool]__pocket_lining[cotton],2
R8b_secondary_material_difference,default,outer_layer[polyester]__pocket_lining[nylon],2
R8b_secondary_material_difference,default,shell[cotton+elastane+modal]__pocket_lining[polyester],2
R8b_secondary_material_difference,default,shell[cotton+elastane]__wing[polyester],2
R8b_secondary_material_difference,default,shell[cotton+lyocell+nylon]__pocket_lining[polyester],2
R8b_secondary_material_difference,default,shell[cotton+nylon+viscose]__pocket_lining[polyester],2
R8b_secondary_material_difference,default,shell[cotton]__bottom_panel[polyester],2
R8b_secondary_material_difference,default,shell[cotton]__front_panel[nylon],2
R8b_secondary_material_difference,default,shell[cotton]__front_panel[polyester],2
R8b_secondary_material_difference,default,shell[elastane+nylon+viscose]__bottom_panel[cotton],2
R8b_secondary_material_difference,default,shell[elastane+nylon]__mesh[polyester],2
R8b_secondary_material_difference,default,shell[elastane+polyester]__top_panel[nylon],2
R8b_secondary_material_difference,default,shell[elastane+polyester]__wing[nylon],2
R8b_secondary_material_difference,default,shell[elastane+viscose]__mesh[nylon],2
R8b_secondary_material_difference,default,shell[lyocell]__pocket_lining[cotton],2
R8b_secondary_material_difference,default,shell[nylon+polyester]__pocket_lining[cotton],2
R8b_secondary_material_difference,default,shell[nylon]__front_panel[cotton],2
R8b_secondary_material_difference,default,shell[nylon]__side_panel[polyester],2
R8b_secondary_material_difference,default,shell[polyester+viscose+wool]__pocket_lining[cotton],2
R8b_secondary_material_difference,default,shell[polyester]__bottom_panel[nylon],2
R8b_secondary_material_difference,default,shell[polyester]__inside_panel[elastane],2
R8b_secondary_material_difference,default,shell[polyester]__knit_part[nylon],2
R8b_secondary_material_difference,default,shell[polyester]__top_panel[cotton],2
R8b_secondary_material_difference,default,shell[sheep leather]__pocket_lining[viscose],2
R8b_secondary_material_difference,default,shell[wool]__pocket_lining[cotton],2
R8b_secondary_material_difference,default,upper_part[elastane+polyester]__bottom_panel[nylon],2
R8b_secondary_material_difference,default,base_fabric[nylon+viscose]__mesh[elastane],1
R8b_secondary_material_difference,default,body[cotton+nylon]__mesh[polyester],1
R8b_secondary_material_difference,default,body[cotton]__pocket_fabric[polyester],1
R8b_secondary_material_difference,default,bottom_panel[cotton]__top_panel[polyester],1
R8b_secondary_material_difference,default,knit_part[elastane+nylon]__woven_part[polyester],1
R8b_secondary_material_difference,default,lining[elastane+polyester]__bottom_panel[cotton],1
R8b_secondary_material_difference,default,lining[polyester]__bottom_panel[nylon],1
R8b_secondary_material_difference,default,lining[polyester]__top_panel[elastane],1
R8b_secondary_material_difference,default,main[acetate]__bottom_panel[nylon],1
R8b_secondary_material_difference,default,main[cotton+elastane+viscose]__wing[polyester],1
R8b_secondary_material_difference,default,main[cotton+elastane]__pocket_lining[polyester],1
R8b_secondary_material_difference,default,main[cotton+lyocell]__pocket_lining[polyester],1
R8b_secondary_material_difference,default,main[cotton+viscose]__front_panel[polyester],1
R8b_secondary_material_difference,default,main[cotton]__back_panel[polyester],1
R8b_secondary_material_difference,default,main[cotton]__knit_part[polyester],1
R8b_secondary_material_difference,default,main[elastane+metallised_fibre+nylon]__front_panel[rubber],1
R8b_secondary_material_difference,default,main[elastane+nylon]__pocket_lining[polyester],1
R8b_secondary_material_difference,default,main[elastane+polyester+viscose]__top_panel[cotton],1
R8b_secondary_material_difference,default,main[linen+viscose]__pocket_lining[polyester],1
R8b_secondary_material_difference,default,main[polyester]__pocket_lining[cotton],1
R8b_secondary_material_difference,default,main[wool]__bottom_panel[viscose],1
R8b_secondary_material_difference,default,main[wool]__front_panel[viscose],1
R8b_secondary_material_difference,default,padding[polyester]__front_panel[nylon],1
R8b_secondary_material_difference,default,padding[polystyrene foam]__bottom_panel[nylon],1
R8b_secondary_material_difference,default,shell[acrylic+nylon+wool]__bottom_panel[polyester],1
R8b_secondary_material_difference,default,shell[acrylic+polyester+viscose]__pocket_lining[cotton],1
R8b_secondary_material_difference,default,shell[cotton+elastane+polyester]__front_panel[nylon],1
R8b_secondary_material_difference,default,shell[cotton+elastane+viscose]__wing[nylon],1
R8b_secondary_material_difference,default,shell[cotton+elastane]__bottom_panel[viscose],1
R8b_secondary_material_difference,default,shell[cotton+elastane]__pocket_lining[polyester resin],1
R8b_secondary_material_difference,default,shell[cotton+nylon]__bottom_panel[viscose],1
R8b_secondary_material_difference,default,shell[cotton+polyester]__bottom_panel[rubber],1
R8b_secondary_material_difference,default,shell[cotton+polyester]__front_panel[nylon],1
R8b_secondary_material_difference,default,shell[cotton]__back_panel[polyester],1
R8b_secondary_material_difference,default,shell[cotton]__mesh[nylon],1
R8b_secondary_material_difference,default,shell[cotton]__pocket_fabric[polyester],1
R8b_secondary_material_difference,default,shell[cotton]__pocket_lining[viscose],1
R8b_secondary_material_difference,default,shell[elastane+linen+viscose]__pocket_lining[cotton],1
R8b_secondary_material_difference,default,shell[elastane+lyocell+polyester+silk+viscose]__pocket_lining[cotton],1
R8b_secondary_material_difference,default,shell[elastane+nylon]__bottom_panel[polyester],1
R8b_secondary_material_difference,default,shell[elastane+nylon]__wing[polyester],1
R8b_secondary_material_difference,default,shell[elastane+polyester+viscose+wool]__pocket_fabric[cotton],1
R8b_secondary_material_difference,default,shell[elastane+polyester]__bottom_panel[cotton],1
R8b_secondary_material_difference,default,shell[elastane+polyester]__bottom_panel[viscose],1
R8b_secondary_material_difference,default,shell[elastane+viscose+wool]__pocket_lining[polyester],1
R8b_secondary_material_difference,default,shell[elastane+viscose]__bottom_panel[nylon],1
R8b_secondary_material_difference,default,shell[linen+lyocell+nylon+polyester]__back_panel[elastane],1
R8b_secondary_material_difference,default,shell[linen+lyocell+viscose]__pocket_lining[polyester],1
R8b_secondary_material_difference,default,shell[linen+lyocell]__pocket_lining[cotton],1
R8b_secondary_material_difference,default,shell[linen+nylon+viscose]__pocket_lining[polyester],1
R8b_secondary_material_difference,default,shell[linen+polyester+viscose]__pocket_lining[cotton],1
R8b_secondary_material_difference,default,shell[linen+viscose]__bottom_panel[polyester],1
R8b_secondary_material_difference,default,shell[linen+wool]__pocket_lining[cotton],1
R8b_secondary_material_difference,default,shell[linen]__pocket_lining[lyocell],1
R8b_secondary_material_difference,default,shell[lyocell+polyester+unspecified_material+wool]__pocket_lining[cotton],1
R8b_secondary_material_difference,default,shell[lyocell+silk+wool]__pocket_lining[cotton],1
R8b_secondary_material_difference,default,shell[lyocell+viscose]__pocket_lining[polyester],1
R8b_secondary_material_difference,default,shell[lyocell+wool]__pocket_lining[cotton],1
R8b_secondary_material_difference,default,shell[nylon+polyester+viscose]__pocket_lining[cotton],1
R8b_secondary_material_difference,default,shell[nylon+polyester+wool]__pocket_lining[cotton],1
R8b_secondary_material_difference,default,shell[nylon+polyester]__back_panel[elastane],1
R8b_secondary_material_difference,default,shell[nylon]__bottom_panel[polyester],1
R8b_secondary_material_difference,default,shell[nylon]__front_panel[polyester],1
R8b_secondary_material_difference,default,shell[nylon]__inside_panel[polyester],1
R8b_secondary_material_difference,default,shell[nylon]__wing[elastane],1
R8b_secondary_material_difference,default,shell[polyester+polyurethane]__inside_panel[acrylic],1
R8b_secondary_material_difference,default,shell[polyester]__front_panel[nylon],1
R8b_secondary_material_difference,default,shell[polyester]__inside_panel[acrylic],1
R8b_secondary_material_difference,default,shell[polyester]__side_panel[elastane],1
R8b_secondary_material_difference,default,shell[wool]__bottom_panel[acrylic],1
R8b_secondary_material_difference,default,shell[wool]__pocket_lining[polyester],1
R8b_secondary_material_difference,default,top_panel[cotton+linen+lyocell+polyester]__bottom_panel[viscose],1
R8b_secondary_material_difference,default,upper_part[cotton]__bottom_panel[nylon],1
R8b_secondary_material_difference,default,upper_part[sheep leather]__bottom_panel[goat suede],1
R8b_secondary_material_difference,default,woven_part[nylon]__knit_part[cotton],1
R8b_secondary_material_difference,expanded,shell[cotton]__pocket_lining[polyester],555
R8b_secondary_material_difference,expanded,shell[cotton+elastane]__pocket_lining[polyester],169
R8b_secondary_material_difference,expanded,body[cotton+elastane]__pocket_lining[polyester],146
R8b_secondary_material_difference,expanded,body[cotton]__pocket_lining[polyester],123
R8b_secondary_material_difference,expanded,shell[linen+viscose]__pocket_lining[polyester],121
R8b_secondary_material_difference,expanded,shell[elastane+polyester+viscose]__pocket_lining[cotton],115
R8b_secondary_material_difference,expanded,body[cotton+linen]__pocket_lining[polyester],88
R8b_secondary_material_difference,expanded,shell[cotton+linen]__pocket_lining[polyester],61
R8b_secondary_material_difference,expanded,shell[nylon]__pocket_lining[polyester],61
R8b_secondary_material_difference,expanded,shell[cotton+lyocell]__pocket_lining[polyester],59
R8b_secondary_material_difference,expanded,face[nylon]__pocket_lining[polyester],53
R8b_secondary_material_difference,expanded,shell[elastane+polyester]__mesh[nylon],53
R8b_secondary_material_difference,expanded,body[cotton+linen+viscose]__pocket_lining[polyester],49
R8b_secondary_material_difference,expanded,body[elastane+nylon]__pocket_lining[polyester],45
R8b_secondary_material_difference,expanded,shell[cotton+elastane+elastomultiester]__pocket_lining[polyester],45
R8b_secondary_material_difference,expanded,shell[cotton+linen+viscose]__pocket_lining[polyester],45
R8b_secondary_material_difference,expanded,shell[elastane+nylon]__pocket_lining[polyester],29
R8b_secondary_material_difference,expanded,lining[polyester]__top_panel[cotton],28
R8b_secondary_material_difference,expanded,body[cotton+elastane+linen]__pocket_lining[polyester],26
R8b_secondary_material_difference,expanded,body[elastane+polyester+viscose]__pocket_lining[elastomultiester],24
R8b_secondary_material_difference,expanded,shell[cotton+elastane]__bottom_panel[polyester],23
R8b_secondary_material_difference,expanded,shell[nylon+viscose]__pocket_lining[polyester],23
R8b_secondary_material_difference,expanded,body[elastane+polyester+viscose]__pocket_lining[cotton],20
R8b_secondary_material_difference,expanded,shell[linen]__pocket_lining[polyester],20
R8b_secondary_material_difference,expanded,body[cotton+nylon]__pocket_lining[polyester],19
R8b_secondary_material_difference,expanded,body[elastane+nylon]__mesh[polyester],19
R8b_secondary_material_difference,expanded,shell[cotton+nylon]__pocket_lining[polyester],19
R8b_secondary_material_difference,expanded,body[nylon]__pocket_lining[polyester],18
R8b_secondary_material_difference,expanded,shell[polyester+viscose]__pocket_lining[cotton],18
R8b_secondary_material_difference,expanded,main[cotton]__pocket_lining[polyester],16
R8b_secondary_material_difference,expanded,body[cotton+elastane+nylon]__pocket_lining[polyester],15
R8b_secondary_material_difference,expanded,shell[elastane+polyester+wool]__pocket_lining[cotton],15
R8b_secondary_material_difference,expanded,shell[polyester]__pocket_lining[elastane],15
R8b_secondary_material_difference,expanded,body[cotton+elastane+elastomultiester]__pocket_lining[polyester],14
R8b_secondary_material_difference,expanded,coating[polyurethane]__pocket_lining[polyester],14
R8b_secondary_material_difference,expanded,shell[linen+viscose]__pocket_lining[cotton],14
R8b_secondary_material_difference,expanded,shell[polyester]__pocket_lining[cotton],14
R8b_secondary_material_difference,expanded,top_panel[cotton]__bottom_panel[polyester],14
R8b_secondary_material_difference,expanded,lining[cotton]__top_panel[polyester],13
R8b_secondary_material_difference,expanded,lining[polyester]__top_panel[viscose],13
R8b_secondary_material_difference,expanded,shell[elastane+polyester]__pocket_lining[cotton],13
R8b_secondary_material_difference,expanded,body[cotton+polyester+viscose]__pocket_lining[elastomultiester],12
R8b_secondary_material_difference,expanded,face[polyester]__back_panel[tpu],12
R8b_secondary_material_difference,expanded,shell[nylon]__pocket_fabric[polyester],12
R8b_secondary_material_difference,expanded,body[cotton+lyocell]__pocket_lining[polyester],11
R8b_secondary_material_difference,expanded,shell[elastane+polyester+viscose+wool]__pocket_lining[cotton],11
R8b_secondary_material_difference,expanded,shell[linen]__pocket_lining[cotton],11
R8b_secondary_material_difference,expanded,body[polyester+viscose]__pocket_lining[cotton],10
R8b_secondary_material_difference,expanded,shell[cotton+elastane]__mesh[nylon],10
R8b_secondary_material_difference,expanded,shell[polyester]__pocket_lining[nylon],10
R8b_secondary_material_difference,expanded,body[linen+nylon+viscose]__pocket_lining[polyester],9
R8b_secondary_material_difference,expanded,main[cotton+linen]__pocket_lining[polyester],9
R8b_secondary_material_difference,expanded,shell[cotton+viscose]__pocket_lining[polyester],9
R8b_secondary_material_difference,expanded,body[nylon]__mesh[polyester],8
R8b_secondary_material_difference,expanded,shell[cotton+elastane]__wing[nylon],8
R8b_secondary_material_difference,expanded,shell[linen+lyocell]__pocket_lining[polyester],8
R8b_secondary_material_difference,expanded,body[linen+polyester+viscose]__pocket_lining[cotton],7
R8b_secondary_material_difference,expanded,body[linen]__pocket_lining[polyester],7
R8b_secondary_material_difference,expanded,shell[polyester+wool]__pocket_lining[cotton],7
R8b_secondary_material_difference,expanded,top_panel[cotton+elastane]__bottom_panel[polyester],7
R8b_secondary_material_difference,expanded,body[cotton+viscose]__pocket_lining[polyester],6
R8b_secondary_material_difference,expanded,body[polyester]__pocket_lining[cotton],6
R8b_secondary_material_difference,expanded,shell[elastane+polyester+wool]__pocket_lining[viscose],6
R8b_secondary_material_difference,expanded,shell[elastane+polyester]__bottom_panel[nylon],6
R8b_secondary_material_difference,expanded,shell[polyester+unspecified_material+wool]__pocket_lining[cotton],6
R8b_secondary_material_difference,expanded,shell[sheep leather]__pocket_lining[polyester],6
R8b_secondary_material_difference,expanded,body[cotton+elastane+viscose]__pocket_lining[polyester],5
R8b_secondary_material_difference,expanded,lining[cotton]__bottom_panel[polyester],5
R8b_secondary_material_difference,expanded,main[elastane+polyester+viscose]__pocket_lining[cotton],5
R8b_secondary_material_difference,expanded,padding[reprocessed down+reprocessed feather]__front_panel[polyester],5
R8b_secondary_material_difference,expanded,shell[cotton]__mesh[polyester],5
R8b_secondary_material_difference,expanded,shell[lamb leather]__pocket_lining[viscose],5
R8b_secondary_material_difference,expanded,shell[nylon]__pocket_lining[cotton],5
R8b_secondary_material_difference,expanded,body[cotton+elastane+elastomultiester]__pocket_fabric[polyester],4
R8b_secondary_material_difference,expanded,body[cotton+linen]__pocket_fabric[polyester],4
R8b_secondary_material_difference,expanded,body[linen]__pocket_lining[cotton],4
R8b_secondary_material_difference,expanded,face[cotton+nylon]__back_panel[polyester],4
R8b_secondary_material_difference,expanded,face[elastomultiester]__back_panel[polyester],4
R8b_secondary_material_difference,expanded,face[nylon]__back_panel[polyester],4
R8b_secondary_material_difference,expanded,main[elastane+polyester+viscose+wool]__pocket_lining[cotton],4
R8b_secondary_material_difference,expanded,mesh[polyester]__back_panel[nylon],4
R8b_secondary_material_difference,expanded,padding[polyester]__knit_part[elastane],4
R8b_secondary_material_difference,expanded,shell[cotton+elastane]__mesh[polyester],4
R8b_secondary_material_difference,expanded,shell[cotton+nylon]__pocket_fabric[polyester],4
R8b_secondary_material_difference,expanded,shell[elastane+nylon]__front_panel[polyester],4
R8b_secondary_material_difference,expanded,shell[elastane+polyester+viscose]__front_panel[nylon],4
R8b_secondary_material_difference,expanded,shell[elastane+polyester]__pocket_lining[nylon],4
R8b_secondary_material_difference,expanded,shell[elastomultiester]__pocket_lining[polyester],4
R8b_secondary_material_difference,expanded,shell[lyocell+nylon]__pocket_lining[polyester],4
R8b_secondary_material_difference,expanded,shell[nylon+viscose]__back_panel[polyester],4
R8b_secondary_material_difference,expanded,shell[nylon+viscose]__pocket_lining[cotton],4
R8b_secondary_material_difference,expanded,shell[polyester]__mesh[elastane],4
R8b_secondary_material_difference,expanded,shell[polyester]__pocket_fabric[nylon],4
R8b_secondary_material_difference,expanded,storage_bag[nylon]__pocket_lining[polyester],4
R8b_secondary_material_difference,expanded,body[cotton+unspecified_material]__pocket_lining[polyester],3
R8b_secondary_material_difference,expanded,body[cotton+viscose]__mesh[polyester],3
R8b_secondary_material_difference,expanded,body[linen+lyocell]__pocket_lining[polyester],3
R8b_secondary_material_difference,expanded,body[linen]__pocket_fabric[polyester],3
R8b_secondary_material_difference,expanded,body[nylon+viscose]__pocket_fabric[polyester],3
R8b_secondary_material_difference,expanded,body[polyester]__chest_pocket_fabric[elastomultiester],3
R8b_secondary_material_difference,expanded,face[polyester]__knit_part[elastomultiester],3
R8b_secondary_material_difference,expanded,front_panel[elastane+polyester]__bottom_panel[nylon],3
R8b_secondary_material_difference,expanded,main[elastane+polyester]__pocket_lining[cotton],3
R8b_secondary_material_difference,expanded,main[linen]__pocket_lining[cotton],3
R8b_secondary_material_difference,expanded,main[linen]__pocket_lining[viscose],3
R8b_secondary_material_difference,expanded,shell[cotton+elastane]__pocket_fabric[polyester],3
R8b_secondary_material_difference,expanded,shell[cotton+linen+lyocell]__pocket_lining[polyester],3
R8b_secondary_material_difference,expanded,shell[cotton+polyester]__pocket_lining[nylon],3
R8b_secondary_material_difference,expanded,shell[cotton]__pocket_fabric[nylon],3
R8b_secondary_material_difference,expanded,shell[elastane+polyester+viscose]__pocket_lining[elastomultiester],3
R8b_secondary_material_difference,expanded,shell[lyocell+nylon]__pocket_lining[cotton],3
R8b_secondary_material_difference,expanded,shell[polyester]__bottom_panel[viscose],3
R8b_secondary_material_difference,expanded,shell[polyester]__chest_pocket_fabric[cotton],3
R8b_secondary_material_difference,expanded,shell[polyester]__front_panel[elastane],3
R8b_secondary_material_difference,expanded,shell[polyester]__mesh[nylon],3
R8b_secondary_material_difference,expanded,shell[viscose]__pocket_lining[polyester],3
R8b_secondary_material_difference,expanded,top_panel[polyester]__bottom_panel[cotton],3
R8b_secondary_material_difference,expanded,top_panel[polyester]__bottom_panel[elastane],3
R8b_secondary_material_difference,expanded,body[lyocell+nylon]__pocket_lining[polyester],2
R8b_secondary_material_difference,expanded,body[nylon]__pocket_fabric[polyester],2
R8b_secondary_material_difference,expanded,bottom_panel[nylon]__top_panel[cotton],2
R8b_secondary_material_difference,expanded,coating[polyurethane]__inside_panel[acrylic],2
R8b_secondary_material_difference,expanded,face[elastane+nylon]__back_panel[polyester],2
R8b_secondary_material_difference,expanded,front_panel[elastane+polyester]__side_panel[nylon],2
R8b_secondary_material_difference,expanded,knit_part[polyester]__woven_part[nylon],2
R8b_secondary_material_difference,expanded,knit_part[wool]__woven_part[cotton],2
R8b_secondary_material_difference,expanded,lining[cotton]__woven_part[nylon],2
R8b_secondary_material_difference,expanded,main[nylon+viscose]__pocket_lining[polyester],2
R8b_secondary_material_difference,expanded,main[nylon+wool]__pocket_lining[cotton],2
R8b_secondary_material_difference,expanded,main[polyester+viscose+wool]__pocket_lining[cotton],2
R8b_secondary_material_difference,expanded,outer_layer[polyester]__pocket_lining[nylon],2
R8b_secondary_material_difference,expanded,shell[cotton+elastane+modal]__pocket_lining[polyester],2
R8b_secondary_material_difference,expanded,shell[cotton+elastane]__wing[polyester],2
R8b_secondary_material_difference,expanded,shell[cotton+lyocell+nylon]__pocket_lining[polyester],2
R8b_secondary_material_difference,expanded,shell[cotton+nylon+viscose]__pocket_lining[polyester],2
R8b_secondary_material_difference,expanded,shell[cotton]__bottom_panel[polyester],2
R8b_secondary_material_difference,expanded,shell[cotton]__front_panel[nylon],2
R8b_secondary_material_difference,expanded,shell[cotton]__front_panel[polyester],2
R8b_secondary_material_difference,expanded,shell[elastane+nylon+viscose]__bottom_panel[cotton],2
R8b_secondary_material_difference,expanded,shell[elastane+nylon]__mesh[polyester],2
R8b_secondary_material_difference,expanded,shell[elastane+polyester]__top_panel[nylon],2
R8b_secondary_material_difference,expanded,shell[elastane+polyester]__wing[nylon],2
R8b_secondary_material_difference,expanded,shell[elastane+viscose]__mesh[nylon],2
R8b_secondary_material_difference,expanded,shell[lyocell]__pocket_lining[cotton],2
R8b_secondary_material_difference,expanded,shell[nylon+polyester]__pocket_lining[cotton],2
R8b_secondary_material_difference,expanded,shell[nylon]__front_panel[cotton],2
R8b_secondary_material_difference,expanded,shell[nylon]__side_panel[polyester],2
R8b_secondary_material_difference,expanded,shell[polyester+viscose+wool]__pocket_lining[cotton],2
R8b_secondary_material_difference,expanded,shell[polyester]__bottom_panel[nylon],2
R8b_secondary_material_difference,expanded,shell[polyester]__inside_panel[elastane],2
R8b_secondary_material_difference,expanded,shell[polyester]__knit_part[nylon],2
R8b_secondary_material_difference,expanded,shell[polyester]__top_panel[cotton],2
R8b_secondary_material_difference,expanded,shell[sheep leather]__pocket_lining[viscose],2
R8b_secondary_material_difference,expanded,shell[wool]__pocket_lining[cotton],2
R8b_secondary_material_difference,expanded,upper_part[elastane+polyester]__bottom_panel[nylon],2
R8b_secondary_material_difference,expanded,base_fabric[nylon+viscose]__mesh[elastane],1
R8b_secondary_material_difference,expanded,body[cotton+nylon]__mesh[polyester],1
R8b_secondary_material_difference,expanded,body[cotton]__pocket_fabric[polyester],1
R8b_secondary_material_difference,expanded,bottom_panel[cotton]__top_panel[polyester],1
R8b_secondary_material_difference,expanded,knit_part[elastane+nylon]__woven_part[polyester],1
R8b_secondary_material_difference,expanded,lining[elastane+polyester]__bottom_panel[cotton],1
R8b_secondary_material_difference,expanded,lining[polyester]__bottom_panel[nylon],1
R8b_secondary_material_difference,expanded,lining[polyester]__top_panel[elastane],1
R8b_secondary_material_difference,expanded,main[acetate]__bottom_panel[nylon],1
R8b_secondary_material_difference,expanded,main[cotton+elastane+viscose]__wing[polyester],1
R8b_secondary_material_difference,expanded,main[cotton+elastane]__pocket_lining[polyester],1
R8b_secondary_material_difference,expanded,main[cotton+lyocell]__pocket_lining[polyester],1
R8b_secondary_material_difference,expanded,main[cotton+viscose]__front_panel[polyester],1
R8b_secondary_material_difference,expanded,main[cotton]__back_panel[polyester],1
R8b_secondary_material_difference,expanded,main[cotton]__knit_part[polyester],1
R8b_secondary_material_difference,expanded,main[elastane+metallised_fibre+nylon]__front_panel[rubber],1
R8b_secondary_material_difference,expanded,main[elastane+nylon]__pocket_lining[polyester],1
R8b_secondary_material_difference,expanded,main[elastane+polyester+viscose]__top_panel[cotton],1
R8b_secondary_material_difference,expanded,main[linen+viscose]__pocket_lining[polyester],1
R8b_secondary_material_difference,expanded,main[polyester]__pocket_lining[cotton],1
R8b_secondary_material_difference,expanded,main[wool]__bottom_panel[viscose],1
R8b_secondary_material_difference,expanded,main[wool]__front_panel[viscose],1
R8b_secondary_material_difference,expanded,padding[polyester]__front_panel[nylon],1
R8b_secondary_material_difference,expanded,padding[polystyrene foam]__bottom_panel[nylon],1
R8b_secondary_material_difference,expanded,shell[acrylic+nylon+wool]__bottom_panel[polyester],1
R8b_secondary_material_difference,expanded,shell[acrylic+polyester+viscose]__pocket_lining[cotton],1
R8b_secondary_material_difference,expanded,shell[cotton+elastane+polyester]__front_panel[nylon],1
R8b_secondary_material_difference,expanded,shell[cotton+elastane+viscose]__wing[nylon],1
R8b_secondary_material_difference,expanded,shell[cotton+elastane]__bottom_panel[viscose],1
R8b_secondary_material_difference,expanded,shell[cotton+elastane]__pocket_lining[polyester resin],1
R8b_secondary_material_difference,expanded,shell[cotton+nylon]__bottom_panel[viscose],1
R8b_secondary_material_difference,expanded,shell[cotton+polyester]__bottom_panel[rubber],1
R8b_secondary_material_difference,expanded,shell[cotton+polyester]__front_panel[nylon],1
R8b_secondary_material_difference,expanded,shell[cotton]__back_panel[polyester],1
R8b_secondary_material_difference,expanded,shell[cotton]__mesh[nylon],1
R8b_secondary_material_difference,expanded,shell[cotton]__pocket_fabric[polyester],1
R8b_secondary_material_difference,expanded,shell[cotton]__pocket_lining[viscose],1
R8b_secondary_material_difference,expanded,shell[elastane+linen+viscose]__pocket_lining[cotton],1
R8b_secondary_material_difference,expanded,shell[elastane+lyocell+polyester+silk+viscose]__pocket_lining[cotton],1
R8b_secondary_material_difference,expanded,shell[elastane+nylon]__bottom_panel[polyester],1
R8b_secondary_material_difference,expanded,shell[elastane+nylon]__wing[polyester],1
R8b_secondary_material_difference,expanded,shell[elastane+polyester+viscose+wool]__pocket_fabric[cotton],1
R8b_secondary_material_difference,expanded,shell[elastane+polyester]__bottom_panel[cotton],1
R8b_secondary_material_difference,expanded,shell[elastane+polyester]__bottom_panel[viscose],1
R8b_secondary_material_difference,expanded,shell[elastane+viscose+wool]__pocket_lining[polyester],1
R8b_secondary_material_difference,expanded,shell[elastane+viscose]__bottom_panel[nylon],1
R8b_secondary_material_difference,expanded,shell[linen+lyocell+nylon+polyester]__back_panel[elastane],1
R8b_secondary_material_difference,expanded,shell[linen+lyocell+viscose]__pocket_lining[polyester],1
R8b_secondary_material_difference,expanded,shell[linen+lyocell]__pocket_lining[cotton],1
R8b_secondary_material_difference,expanded,shell[linen+nylon+viscose]__pocket_lining[polyester],1
R8b_secondary_material_difference,expanded,shell[linen+polyester+viscose]__pocket_lining[cotton],1
R8b_secondary_material_difference,expanded,shell[linen+viscose]__bottom_panel[polyester],1
R8b_secondary_material_difference,expanded,shell[linen+wool]__pocket_lining[cotton],1
R8b_secondary_material_difference,expanded,shell[linen]__pocket_lining[lyocell],1
R8b_secondary_material_difference,expanded,shell[lyocell+polyester+unspecified_material+wool]__pocket_lining[cotton],1
R8b_secondary_material_difference,expanded,shell[lyocell+silk+wool]__pocket_lining[cotton],1
R8b_secondary_material_difference,expanded,shell[lyocell+viscose]__pocket_lining[polyester],1
R8b_secondary_material_difference,expanded,shell[lyocell+wool]__pocket_lining[cotton],1
R8b_secondary_material_difference,expanded,shell[nylon+polyester+viscose]__pocket_lining[cotton],1
R8b_secondary_material_difference,expanded,shell[nylon+polyester+wool]__pocket_lining[cotton],1
R8b_secondary_material_difference,expanded,shell[nylon+polyester]__back_panel[elastane],1
R8b_secondary_material_difference,expanded,shell[nylon]__bottom_panel[polyester],1
R8b_secondary_material_difference,expanded,shell[nylon]__front_panel[polyester],1
R8b_secondary_material_difference,expanded,shell[nylon]__inside_panel[polyester],1
R8b_secondary_material_difference,expanded,shell[nylon]__wing[elastane],1
R8b_secondary_material_difference,expanded,shell[polyester+polyurethane]__inside_panel[acrylic],1
R8b_secondary_material_difference,expanded,shell[polyester]__front_panel[nylon],1
R8b_secondary_material_difference,expanded,shell[polyester]__inside_panel[acrylic],1
R8b_secondary_material_difference,expanded,shell[polyester]__side_panel[elastane],1
R8b_secondary_material_difference,expanded,shell[wool]__bottom_panel[acrylic],1
R8b_secondary_material_difference,expanded,shell[wool]__pocket_lining[polyester],1
R8b_secondary_material_difference,expanded,top_panel[cotton+linen+lyocell+polyester]__bottom_panel[viscose],1
R8b_secondary_material_difference,expanded,upper_part[cotton]__bottom_panel[nylon],1
R8b_secondary_material_difference,expanded,upper_part[sheep leather]__bottom_panel[goat suede],1
R8b_secondary_material_difference,expanded,woven_part[nylon]__knit_part[cotton],1
